Council,Councillors,CouncilControl,Conservative,Labour,LibDem,Green,UKIP,Liberal,Independent,BNP,SNP,Vacant,Plaid.Cymru,Llais.Gwynedd,MainCouncilParty,AreaCode,Country,NAME,REG,TURNOUT,PCTLEAVE,PCTILE,BADHEALTH,REALUNEMP,LTMINWAGE,MEDWAGE,ECONINACT,UNEMP,SOC1TO3,SKILLED,LOWSKILL,DEGREES,NOQUALS,TCLOSS,ESALOSS,FINLOSS,PCTBENEFIT,PCTESA,PCTLTESA
Barnsley,63,Lab,4,55,0,0,0,0,4,0,0,0,0,0,Labour,E08000016,E,Barnsley,Yorkshire and The Humber,69.95,68.31,0.952,0.248152201,12.5,31,469,0.222664016,0.063086104,0.31043711,0.113291704,0.56824264,0.149768058,0.109343936,132,26,440,0.166754098,0.087213115,0.05252459
Birmingham,120,Lab,28,77,15,0,0,0,0,0,0,0,0,0,Labour,E08000025,E,Birmingham,West Midlands,63.81,50.42,0.314,0.205558015,12.8,30,488.2,0.323105466,0.092135779,0.424131627,0.095521024,0.475776965,0.26973027,0.15470244,155,19,440,0.169388622,0.074384376,0.042400226
Bolton,60,Lab,16,41,3,0,0,0,0,0,0,0,0,0,Labour,E08000001,E,Bolton,North West,70.1,58.29,0.666,0.207644173,11.6,31,468.9,0.242613636,0.069767442,0.388714734,0.093260188,0.518025078,0.215340909,0.097159091,148,24,430,0.152168884,0.080393291,0.050260266
Bradford,90,Lab,24,45,8,3,0,0,5,0,0,0,0,0,Labour,E08000032,E,Bradford,Yorkshire and The Humber,66.72,54.23,0.489,0.195784493,11,31,451.6,0.273057151,0.099833611,0.366829702,0.108937305,0.516229435,0.2038101,0.149380103,165,17,470,0.157512165,0.069738443,0.038746959
Bury,51,Lab,12,34,2,1,0,0,2,0,0,0,0,0,Labour,E08000002,E,Bury,North West,71.43,54.12,0.484,0.196141792,10.5,24,516.8,0.241758242,0.058035714,0.434633028,0.086009174,0.478211009,0.274725275,0.081994928,125,18,390,0.129991504,0.068988955,0.044604928
Calderdale,51,NOC,19,25,6,0,0,0,1,0,0,0,0,0,Labour,E08000033,E,Calderdale,Yorkshire and The Humber,71.05,55.68,0.552,0.193154946,9.6,26,500.9,0.203972498,0.047024952,0.473012758,0.100098135,0.419038273,0.263559969,0.0710466,129,16,470,0.130587338,0.069183829,0.038443936
Coventry,54,Lab,11,43,0,0,0,0,0,0,0,0,0,0,Labour,E08000026,E,Coventry,West Midlands,69.21,55.6,0.55,0.193074836,9.6,27,506.2,0.324299065,0.047058824,0.368938862,0.106816585,0.52002811,0.208411215,0.15,121,18,470,0.12677305,0.062987589,0.036702128
Doncaster,63,Lab,9,50,3,0,0,0,1,0,0,0,0,0,Labour,E08000017,E,Doncaster,Yorkshire and The Humber,69.56,68.96,0.96,0.22381135,11.6,34,465.5,0.236228814,0.079750347,0.333333333,0.114492754,0.541304348,0.135063559,0.100105932,137,18,420,0.159158679,0.074334398,0.043982961
Dudley,72,Lab,29,42,0,1,0,0,0,0,0,0,0,0,Labour,E08000027,E,Dudley,West Midlands,71.71,67.6,0.936,0.217927618,9.8,30,499.4,0.241593378,0.079180887,0.347608851,0.148465382,0.499643112,0.168649767,0.16192447,119,16,400,0.138161994,0.060436137,0.033696781
Gateshead,66,Lab,0,55,11,0,0,0,0,0,0,0,0,0,Labour,E08000037,E,Gateshead,North East,70.62,56.85,0.608,0.235183354,12.2,26,483.3,0.215578285,0.066198596,0.378630705,0.098547718,0.517634855,0.239968529,0.084972463,117,24,420,0.156791104,0.081254964,0.047895155
Kirklees,69,NOC,18,32,11,5,0,0,3,0,0,0,0,0,Labour,E08000034,E,Kirklees,Yorkshire and The Humber,70.8,54.67,0.526,0.194956658,9.5,28,484.2,0.262071508,0.047452547,0.415189873,0.112405063,0.468860759,0.253225212,0.104312569,130,15,410,0.128345588,0.063970588,0.036213235
Knowsley,63,Lab,0,63,0,0,0,0,0,0,0,0,0,0,Labour,E08000011,E,Knowsley,North West,63.54,51.56,0.378,0.241512615,16.8,30,474.9,0.262813522,0.067946824,0.303265941,0.125972006,0.567651633,0.147219193,0.160305344,162,32,560,0.216413043,0.115108696,0.076521739
Leeds,99,Lab,19,63,10,2,0,0,5,0,0,0,0,0,Labour,E08000035,E,Leeds,Yorkshire and The Humber,71.39,49.69,0.301,0.181197229,7.5,25,501.8,0.203564356,0.058428642,0.441153944,0.09011999,0.458769466,0.260792079,0.087722772,110,15,400,0.126578007,0.062901945,0.036244541
Liverpool,90,Lab,0,74,10,2,0,3,1,0,0,0,0,0,Labour,E08000012,E,Liverpool,North West,64.08,41.81,0.142,0.227921486,16.1,30,480.5,0.344379065,0.077940482,0.426786607,0.082458771,0.488255872,0.232579746,0.136574791,131,29,480,0.187895717,0.104562384,0.069335816
Manchester,96,Lab,0,96,0,0,0,0,0,0,0,0,0,0,Labour,E08000003,E,Manchester,North West,59.77,39.64,0.103,0.195459596,12,30,483.7,0.31773667,0.082104424,0.4572284,0.074850299,0.460650128,0.329978237,0.124047878,138,23,440,0.153585008,0.082835416,0.051792504
Newcastle upon Tyne,78,Lab,0,51,26,0,0,0,1,0,0,0,0,0,Labour,E08000021,E,Newcastle upon Tyne,North East,67.67,49.3,0.291,0.203971061,9.7,31,496,0.28227459,0.091363312,0.411947246,0.088440652,0.494957331,0.288422131,0.110143443,107,21,390,0.141308691,0.072527473,0.041758242
North Tyneside,60,Lab,12,43,4,0,0,0,1,0,0,0,0,0,Labour,E08000022,E,North Tyneside,North East,72.3,53.4,0.441,0.218201105,10.6,27,498.3,0.193447738,0.058083253,0.408862034,0.089627392,0.497482377,0.241809672,0.077223089,116,19,370,0.141438624,0.069116497,0.040500391
Oldham,60,Lab,2,43,14,0,0,0,1,0,0,0,0,0,Labour,E08000004,E,Oldham,North West,68,60.86,0.769,0.215138486,13,31,444,0.293201133,0.083166333,0.382478632,0.123931624,0.488247863,0.186260623,0.149433428,161,22,470,0.152746479,0.076971831,0.046971831
Rochdale,60,Lab,13,42,5,0,0,0,0,0,0,0,0,0,Labour,E08000005,E,Rochdale,North West,65.97,60.07,0.735,0.223468226,14.5,28,463.4,0.301858736,0.076677316,0.366403608,0.10259301,0.520856821,0.182899628,0.138289963,154,26,500,0.167064974,0.09081404,0.055489171
Rotherham,63,Lab,4,57,0,0,1,0,1,0,0,0,0,0,Labour,E08000018,E,Rotherham,Yorkshire and The Humber,69.56,67.89,0.947,0.228587531,11.4,32,481.3,0.232398754,0.060876623,0.348010161,0.116850127,0.523285351,0.18317757,0.099688474,131,20,410,0.167332917,0.076951905,0.04678326
Salford,60,Lab,8,52,0,0,0,0,0,0,0,0,0,0,Labour,E08000006,E,Salford,North West,63.3,56.81,0.6,0.216125985,12.3,29,476.7,0.238305942,0.085477178,0.367907801,0.07535461,0.553191489,0.241466498,0.090391909,132,26,460,0.157921102,0.087351284,0.054915466
Sandwell,72,Lab,2,68,0,0,0,0,2,0,0,0,0,0,Labour,E08000028,E,Sandwell,West Midlands,66.58,66.72,0.925,0.23306921,13.4,30,453,0.273797339,0.07751938,0.312965723,0.117734724,0.564828614,0.14073695,0.221596725,161,20,380,0.17511335,0.07768262,0.042871537
Sefton,66,Lab,8,36,20,0,0,0,2,0,0,0,0,0,Labour,E08000014,E,Sefton,North West,71.73,48.13,0.264,0.221359436,12.3,27,471,0.238470874,0.036653386,0.440597954,0.084185681,0.473642801,0.251820388,0.089805825,120,22,440,0.155276074,0.084417178,0.055766871
Sheffield,84,Lab,0,59,17,4,4,0,0,0,0,0,0,0,Labour,E08000019,E,Sheffield,Yorkshire and The Humber,67.34,50.99,0.357,0.199213675,8.7,28,485.8,0.234749455,0.082562278,0.436308162,0.082379863,0.473684211,0.296568627,0.099945534,110,16,340,0.137218758,0.062889672,0.038140417
Solihull,51,Con,29,2,8,10,1,0,1,0,0,0,0,0,Conservative,E08000029,E,Solihull,West Midlands,76.06,56.16,0.566,0.182867705,6.9,22,593.3,0.240063593,0.044979079,0.497890295,0.0907173,0.393459916,0.278219396,0.077106518,93,12,460,0.101894238,0.046803473,0.026282557
South Tyneside,54,Lab,1,47,0,0,3,0,3,0,0,0,0,0,Labour,E08000023,E,South Tyneside,North East,68.27,62.05,0.809,0.242501367,13.8,27,475.8,0.230687831,0.088033012,0.366176471,0.132352941,0.497058824,0.165079365,0.083597884,132,26,380,0.198072805,0.08993576,0.050642398
St Helens,48,Lab,3,40,5,0,0,0,0,0,0,0,0,0,Labour,E08000013,E,St. Helens,North West,68.86,58.02,0.648,0.232191343,12.7,31,480.1,0.252697842,0.070998797,0.33375,0.145,0.52,0.169964029,0.114208633,124,26,450,0.166696589,0.088240575,0.056552962
Stockport,63,NOC,10,19,28,0,0,0,6,0,0,0,0,0,LibDem,E08000007,E,Stockport,North West,73.97,47.67,0.253,0.188947136,8.6,25,540.1,0.176168757,0.058171745,0.483571429,0.085,0.425714286,0.287913341,0.050171038,103,17,340,0.115222349,0.059293044,0.03677309
Sunderland,75,Lab,6,66,0,0,0,0,3,0,0,0,0,0,Labour,E08000024,E,Sunderland,North East,64.86,61.34,0.791,0.245308632,12.7,29,455.9,0.279320113,0.087264151,0.282462057,0.13237774,0.581787521,0.169971671,0.101416431,131,29,460,0.180960452,0.090282486,0.053333333
Tameside,57,Lab,5,52,0,0,0,0,0,0,0,0,0,0,Labour,E08000008,E,Tameside,North West,66.06,61.14,0.783,0.223422881,12.9,31,447.3,0.2512385,0.052980132,0.374393792,0.117361785,0.504364694,0.171266808,0.125265393,142,24,460,0.15196569,0.082344532,0.049749821
Trafford,63,Con,34,26,3,0,0,0,0,0,0,0,0,0,Conservative,E08000009,E,Trafford,North West,75.86,42.31,0.158,0.17383859,8.4,21,637,0.174122505,0.046666667,0.576629975,0.068585944,0.353937341,0.40330351,0.04955265,90,13,310,0.094783198,0.050474255,0.031300813
Wakefield,63,Lab,11,52,0,0,0,0,0,0,0,0,0,0,Labour,E08000036,E,Wakefield,Yorkshire and The Humber,71.17,66.36,0.915,0.232106851,10.5,32,460.3,0.242145964,0.075255102,0.316319678,0.116185359,0.554734721,0.158530691,0.11261479,128,21,360,0.152941176,0.081099325,0.049614272
Walsall,60,NOC,21,30,3,0,3,0,3,0,0,0,0,0,Labour,E08000030,E,Walsall,West Midlands,69.68,67.86,0.944,0.227043364,11.7,30,475.9,0.29144225,0.090448014,0.323369565,0.134963768,0.52807971,0.139437463,0.182525434,147,19,320,0.163820896,0.073850746,0.039820896
Wigan,75,Lab,1,63,2,0,0,0,9,0,0,0,0,0,Labour,E08000010,E,Wigan,North West,69.23,63.9,0.875,0.219072578,11.5,29,503.4,0.187375746,0.051987768,0.362264151,0.120754717,0.503773585,0.189363817,0.083996024,121,22,400,0.137332006,0.073718268,0.047287208
Wirral,66,Lab,22,37,7,0,0,0,0,0,0,0,0,0,Labour,E08000015,E,Wirral,North West,70.96,48.3,0.269,0.217866491,13,25,518.2,0.275038129,0.039270687,0.436530324,0.082510578,0.477433004,0.243009659,0.088459583,128,26,480,0.166341213,0.090647482,0.059815005
Wolverhampton,60,Lab,13,44,3,0,0,0,0,0,0,0,0,0,Labour,E08000031,E,Wolverhampton,West Midlands,67.54,62.57,0.835,0.228640718,14.2,32,434.2,0.274842767,0.110918544,0.298394712,0.129367328,0.559962229,0.177987421,0.190566038,146,21,450,0.175801383,0.077435575,0.042551854
Adur,29,Con,20,1,0,0,6,0,2,0,0,0,0,0,Conservative,E07000223,E,Adur,South East,76.4,54.57,0.513,0.207610081,7,22,500.4,0.168865435,0.073015873,0.388535032,0.095541401,0.5,0.124010554,0.050131926,99,14,330,0.106443299,0.05257732,0.030154639
Allerdale,56,NOC,12,26,1,0,1,0,16,0,0,0,0,0,Labour,E07000026,E,Allerdale,North West,72.92,58.65,0.687,0.209889859,8.8,29,533.1,0.170357751,0.030800821,0.388548057,0.175869121,0.433537832,0.250425894,0.063032368,113,20,350,0.119965278,0.065625,0.041666667
Amber Valley,45,Lab,21,24,0,0,0,0,0,0,0,0,0,0,Labour,E07000032,E,Amber Valley,East Midlands,76.34,60.28,0.74,0.210025427,7.7,28,520.1,0.269035533,NA,0.478991597,0.134453782,0.38487395,0.279187817,0.065989848,101,16,330,0.106075949,0.053670886,0.032658228
Arun,56,Con,47,3,5,0,0,0,1,0,0,0,0,0,Conservative,E07000224,E,Arun,South East,77.86,62.48,0.833,0.21247609,6.5,30,486.2,0.238875878,0.033794163,0.42510699,0.065620542,0.509272468,0.180327869,0.088992974,105,14,350,0.105882353,0.055594002,0.032179931
Ashfield,33,Lab,0,24,6,0,0,0,3,0,0,0,0,0,Labour,E07000170,E,Ashfield,East Midlands,72.83,69.84,0.973,0.234683716,11.2,28,448.9,0.234908136,0.041166381,0.392917369,0.070826307,0.534569983,0.170603675,0.052493438,129,23,390,0.148638132,0.07457847,0.04695201
Ashford,43,Con,25,4,5,0,0,0,9,0,0,0,0,0,Conservative,E07000105,E,Ashford,South East,77.14,59.43,0.719,0.173310387,6.5,25,548.6,0.198630137,0.054794521,0.335616438,0.142123288,0.523972603,0.230136986,0.106849315,106,12,330,0.103972603,0.045068493,0.024657534
Aylesbury Vale,59,Con,38,2,17,0,2,0,0,0,0,0,0,0,Conservative,E07000004,E,Aylesbury Vale,South East,78.46,50.5,0.32,0.144093444,4.4,18,555.4,0.180299033,0.023630505,0.538788523,0.08607864,0.37088204,0.367634125,0.071240106,76,7,260,0.069171648,0.033304868,0.019897523
Babergh,43,NOC,18,3,12,0,0,0,10,0,0,0,0,0,Conservative,E07000200,E,Babergh,East,78.26,54.19,0.486,0.175883292,5,29,539.2,0.220472441,0.055415617,0.414215686,0.125,0.460784314,0.153543307,0.092519685,83,9,270,0.08,0.038217822,0.022376238
Barrow-in-Furness,36,Lab,7,29,0,0,0,0,0,0,0,0,0,0,Labour,E07000027,E,Barrow-in-Furness,North West,67.87,60.62,0.759,0.241492611,13.2,28,492.8,0.252314815,0.074303406,0.385350318,0.114649682,0.5,0.12037037,0.064814815,121,28,430,0.159058824,0.086117647,0.055529412
Basildon,42,NOC,17,9,1,0,10,0,5,0,0,0,0,0,Conservative,E07000066,E,Basildon,East,73.86,68.62,0.955,0.187980309,9,29,558.8,0.200179533,0.062780269,0.4476082,0.097949886,0.453302961,0.242369838,0.076301616,102,16,370,0.118189807,0.05483304,0.030316344
Basingstoke and Deane,60,NOC,29,17,8,0,2,0,4,0,0,0,0,0,Conservative,E07000084,E,Basingstoke and Deane,South East,78.02,51.9,0.391,0.14212242,5,16,622.6,0.146274149,0.042025862,0.520299145,0.081196581,0.398504274,0.302667893,0.086476541,71,9,260,0.074885845,0.035707763,0.019634703
Bassetlaw,48,Lab,10,35,0,0,0,0,3,0,0,0,0,0,Labour,E07000171,E,Bassetlaw,East Midlands,74.82,67.83,0.941,0.225042751,9.8,29,506.3,0.302725968,0.035051546,0.33611691,0.129436326,0.496868476,0.18651363,0.139167862,117,20,370,0.129369628,0.065329513,0.040830946
Blaby,39,Con,28,6,5,0,0,0,0,0,0,0,0,0,Conservative,E07000129,E,Blaby,East Midlands,76.54,59.47,0.722,0.166842357,4.6,19,568.7,0.203703704,0.033826638,0.447537473,0.141327623,0.413276231,0.264309764,0.042087542,87,9,270,0.069320066,0.033499171,0.018739635
Bolsover,37,Lab,0,33,0,0,0,0,4,0,0,0,0,0,Labour,E07000033,E,Bolsover,East Midlands,72.33,70.83,0.981,0.257150766,11.1,36,428.1,0.222222222,0.053908356,0.282967033,0.162087912,0.535714286,0.1278826,0.077568134,124,27,420,0.156813417,0.081341719,0.052830189
Boston,32,Con,18,3,0,0,1,0,10,0,0,0,0,0,Conservative,E07000136,E,Boston,East Midlands,77.27,75.56,1,0.218357906,9.3,37,411.2,0.2925,NA,0.231034483,0.093103448,0.675862069,0.11,0.04,155,17,420,0.108274232,0.056264775,0.035224586
Braintree,60,Con,45,11,0,2,0,0,2,0,0,0,0,0,Conservative,E07000067,E,Braintree,East,76.67,61.13,0.78,0.167985641,6.1,21,592.1,0.179295624,0.02987013,0.353089533,0.157629256,0.488020177,0.152614728,0.07470651,87,10,310,0.089361702,0.039893617,0.02212766
Breckland,54,Con,46,6,0,0,0,0,2,0,0,0,0,0,Conservative,E07000143,E,Breckland,East,74.34,64.22,0.88,0.204849377,6.9,40,457.3,0.198701299,0.042071197,0.335974643,0.126782884,0.537242472,0.155844156,0.109090909,101,13,320,0.098089172,0.050828025,0.031719745
Brentwood,37,NOC,18,3,11,0,0,0,5,0,0,0,0,0,Conservative,E07000068,E,Brentwood,East,79.5,59.15,0.708,0.156465265,4.4,18,720,0.152505447,0.051413882,0.514285714,0.171428571,0.283116883,0.28540305,0.071895425,58,8,240,0.062394958,0.028991597,0.015546218
Broadland,47,Con,34,1,12,0,0,0,0,0,0,0,0,0,Conservative,E07000144,E,Broadland,East,78.37,54.37,0.505,0.187097861,4.7,30,526.7,0.192672999,0.021848739,0.396721311,0.145901639,0.457377049,0.18724559,0.035278155,81,11,270,0.082872928,0.04281768,0.027348066
Bromsgrove,39,Con,27,10,0,0,0,0,2,0,0,0,0,0,Conservative,E07000234,E,Bromsgrove,West Midlands,79.35,55.37,0.544,0.175133761,4,20,602.6,0.222222222,0.029953917,0.414578588,0.077448747,0.510250569,0.311827957,0.068100358,74,9,240,0.078074866,0.037789661,0.021746881
Broxbourne,30,Con,24,3,0,0,0,0,3,0,0,0,0,0,Conservative,E07000095,E,Broxbourne,East,73.78,66.26,0.91,0.169599077,7.3,18,615.4,0.214765101,0.032051282,0.469601677,0.088050314,0.433962264,0.295302013,0.055369128,101,11,350,0.095166667,0.041833333,0.020833333
Broxtowe,44,NOC,18,17,9,0,0,0,0,0,0,0,0,0,Conservative,E07000172,E,Broxtowe,East Midlands,78.32,54.65,0.521,0.195274325,7.4,20,561.6,0.226495726,0.034990792,0.447761194,0.089552239,0.464552239,0.277777778,0.105413105,83,15,290,0.098997135,0.049426934,0.029799427
Burnley,45,Lab,5,28,12,0,0,0,0,0,0,0,0,0,Labour,E07000117,E,Burnley,North West,67.25,66.61,0.92,0.234335336,13.8,27,421.8,0.241502683,0.056737589,0.314009662,0.132850242,0.555555556,0.150268336,0.125223614,163,33,510,0.169565217,0.096014493,0.05923913
Cambridge,42,Lab,1,24,15,0,0,0,2,0,0,0,0,0,Labour,E07000008,E,Cambridge,East,72.22,26.15,0.023,0.133401148,4.3,24,583.3,0.197396963,0.02972973,0.632625995,0.083554377,0.285145889,0.627982646,0.045553145,51,9,190,0.063811563,0.035331906,0.023875803
Cannock Chase,41,Lab,12,22,1,0,5,0,1,0,0,0,0,0,Labour,E07000192,E,Cannock Chase,West Midlands,71.47,68.86,0.957,0.212339168,8.5,28,490.7,0.200320513,0.048192771,0.369834711,0.132231405,0.489669421,0.182692308,0.083333333,111,17,360,0.12192429,0.05851735,0.031388013
Canterbury,50,Con,36,3,11,0,0,0,0,0,0,0,0,0,Conservative,E07000106,E,Canterbury,South East,75.05,51.04,0.362,0.185537067,4.9,24,583.4,0.281920327,0.106837607,0.586259542,0.090076336,0.308396947,0.336057201,0.037793667,82,12,280,0.097904192,0.046207585,0.025748503
Carlisle,52,Lab,19,28,2,0,0,0,2,0,0,0,0,0,Labour,E07000028,E,Carlisle,North West,74.54,60.14,0.738,0.199369443,8.6,30,428,0.202328967,NA,0.365979381,0.128865979,0.494845361,0.215429403,0.0713246,113,19,340,0.114411765,0.067941176,0.042352941
Castle Point,41,NOC,20,0,0,0,5,0,16,0,0,0,0,0,Conservative,E07000069,E,Castle Point,East,75.38,72.7,0.994,0.203894968,6.9,25,565.9,0.173674589,NA,0.484649123,0.094298246,0.396929825,0.126142596,0.084095064,94,14,340,0.09869403,0.047014925,0.025373134
Charnwood,52,Con,31,16,2,0,0,0,2,1,0,0,0,0,Conservative,E07000130,E,Charnwood,East Midlands,70.46,53.81,0.465,0.165906081,5.6,25,518.9,0.268722467,0.018072289,0.479368932,0.116504854,0.404126214,0.27753304,0.027312775,84,11,250,0.076277056,0.040519481,0.023463203
Chelmsford,57,Con,40,1,16,0,0,0,0,0,0,0,0,0,Conservative,E07000070,E,Chelmsford,East,77.6,52.83,0.41,0.150935773,5.1,22,602.6,0.180529301,0.035714286,0.488991889,0.101969873,0.410196987,0.244801512,0.070888469,67,8,260,0.077882798,0.03563327,0.019754253
Cheltenham,40,LD,12,0,24,0,0,0,4,0,0,0,0,0,LibDem,E07000078,E,Cheltenham,South West,75.88,43.83,0.179,0.15770919,6.9,25,546.8,0.245614035,0.019642857,0.534391534,0.077601411,0.388007055,0.441295547,0.055330634,79,11,280,0.088235294,0.049859944,0.028011204
Cherwell,50,Con,40,7,2,0,0,0,1,0,0,0,0,0,Conservative,E07000177,E,Cherwell,South East,75.6,50.31,0.309,0.150153664,5.1,19,559.1,0.20993228,0.021428571,0.470670391,0.106145251,0.416201117,0.291196388,0.063205418,80,10,280,0.074020157,0.039305711,0.023180291
Chesterfield,48,Lab,0,34,14,0,0,0,0,0,0,0,0,0,Labour,E07000034,E,Chesterfield,East Midlands,71.92,60.04,0.732,0.239835048,11.1,29,486.7,0.24024961,0.05338809,0.286012526,0.121085595,0.580375783,0.157566303,0.049921997,114,26,400,0.159340659,0.088697017,0.054631083
Chichester,48,Con,38,0,8,0,0,0,2,0,0,0,0,0,Conservative,E07000225,E,Chichester,South East,77.91,50.92,0.346,0.174112871,4.5,23,540,0.182926829,NA,0.527303754,0.081911263,0.38225256,0.332317073,0.073170732,78,10,270,0.078015267,0.037557252,0.02259542
Chiltern,40,Con,31,1,5,0,1,0,2,0,0,0,0,0,Conservative,E07000005,E,Chiltern,South East,83.57,44.98,0.203,0.134063799,4.2,15,692.8,0.194085028,NA,0.636956522,0.047826087,0.304347826,0.463955638,0.033271719,56,6,240,0.057904412,0.027757353,0.016544118
Chorley,47,Lab,13,32,0,0,0,0,2,0,0,0,0,0,Labour,E07000118,E,Chorley,North West,75.52,56.83,0.603,0.188017358,7.1,25,513.5,0.18651363,NA,0.449122807,0.159649123,0.392982456,0.262553802,0.047345768,101,14,310,0.101311953,0.054373178,0.033673469
Christchurch,24,Con,22,0,0,0,0,0,2,0,0,0,0,0,Conservative,E07000048,E,Christchurch,South West,79.3,58.83,0.698,0.218482995,5,18,597.3,0.159183673,NA,0.341232227,0.161137441,0.454976303,0.191836735,0.053061224,86,12,320,0.1004,0.0536,0.0316
Colchester,60,NOC,23,9,24,0,0,0,4,0,0,0,0,0,LibDem,E07000071,E,Colchester,East,75.11,53.6,0.444,0.163369426,5.4,26,531.6,0.175892857,0.020607375,0.393234672,0.118393235,0.489429175,0.258928571,0.078571429,86,10,300,0.096381289,0.046778464,0.024095322
Copeland,51,Lab,15,34,0,0,0,0,2,0,0,0,0,0,Labour,E07000029,E,Copeland,North West,70.06,62,0.804,0.217214566,10.7,20,714.4,0.199063232,0.090643275,0.367283951,0.209876543,0.413580247,0.177985948,0.117096019,94,24,340,0.139036145,0.075903614,0.05060241
Corby,29,Lab,4,22,3,0,0,0,0,0,0,0,0,0,Labour,E07000150,E,Corby,East Midlands,74.1,64.25,0.886,0.189013142,12.9,36,467.8,0.17804878,0.091988131,0.305732484,0.085987261,0.598726115,0.146341463,0.087804878,152,21,430,0.1284689,0.069138756,0.040430622
Cotswold,44,Con,24,0,10,0,0,0,5,0,0,0,0,0,Conservative,E07000079,E,Cotswold,South West,79.8,48.9,0.275,0.161448342,3.9,24,532.6,0.205882353,NA,0.509259259,0.159722222,0.326388889,0.284313725,0.074509804,66,7,230,0.058070866,0.028149606,0.015748031
Craven,30,Con,17,1,2,0,0,0,10,0,0,0,0,0,Conservative,E07000163,E,Craven,Yorkshire and The Humber,81.02,52.83,0.41,0.178238192,4.4,30,450.2,0.22392638,NA,0.585185185,0.12962963,0.262962963,0.328220859,NA,89,9,270,0.073148148,0.038888889,0.024074074
Crawley,37,Lab,16,20,0,0,1,0,0,0,0,0,0,0,Labour,E07000226,E,Crawley,South East,73.24,58.41,0.671,0.164798259,7.5,22,544.7,0.166435506,0.034941764,0.338435374,0.088435374,0.574829932,0.202496533,0.048543689,108,11,340,0.097202797,0.045034965,0.025174825
Dacorum,51,Con,43,1,7,0,0,0,0,0,0,0,0,0,Conservative,E07000096,E,Dacorum,East,79.21,50.67,0.328,0.156102646,5.7,19,601.6,0.157894737,0.020408163,0.466833542,0.09261577,0.439299124,0.327604726,0.079484425,74,10,290,0.081442206,0.037009544,0.021208908
Dartford,44,Con,29,10,0,0,0,0,3,0,0,0,0,0,Conservative,E07000107,E,Dartford,South East,75.57,64.22,0.88,0.165880963,6.5,15,577.2,0.231707317,0.047619048,0.447580645,0.110887097,0.443548387,0.192073171,0.056402439,94,10,310,0.088483965,0.037755102,0.021574344
Daventry,36,Con,28,4,1,0,3,0,0,0,0,0,0,0,Conservative,E07000151,E,Daventry,East Midlands,81.01,58.6,0.685,0.162891975,5.5,23,498,0.195744681,NA,0.484536082,0.103092784,0.391752577,0.234042553,0.117021277,79,11,280,0.072938689,0.035729387,0.021353066
Derbyshire Dales,39,Con,28,5,4,0,0,0,2,0,0,0,0,0,Conservative,E07000035,E,Derbyshire Dales,East Midlands,81.92,51.56,0.378,0.18204061,4.5,31,552.7,0.157647059,NA,0.497435897,0.115384615,0.392307692,0.312941176,0.047058824,83,11,260,0.072881356,0.03874092,0.023728814
Dover,45,Con,26,19,0,0,0,0,0,0,0,0,0,0,Conservative,E07000108,E,Dover,South East,76.53,62.15,0.812,0.212797966,9.2,25,498.4,0.264401773,0.0562249,0.392079208,0.148514851,0.457425743,0.206794682,0.0605613,112,17,390,0.135450517,0.06070901,0.034564254
East Cambridgeshire,39,Con,25,0,10,0,0,0,4,0,0,0,0,0,Conservative,E07000009,E,East Cambridgeshire,East,77.08,50.92,0.346,0.16055024,4.8,17,565.6,0.173913043,0.032036613,0.504524887,0.117647059,0.380090498,0.262759924,0.102079395,73,8,260,0.068867925,0.032641509,0.020377358
East Devon,59,Con,42,0,10,0,0,0,7,0,0,0,0,0,Conservative,E07000040,E,East Devon,South West,78.94,54.11,0.478,0.201854187,4.3,30,498.9,0.181818182,NA,0.54887218,0.114285714,0.315789474,0.318860244,0.061058345,94,11,310,0.086188579,0.043293493,0.024037185
East Dorset,36,Con,30,0,6,0,0,0,0,0,0,0,0,0,Conservative,E07000049,E,East Dorset,South West,81.33,57.62,0.637,0.189041599,3.8,26,548.2,0.202061856,NA,0.449172577,0.174940898,0.371158392,0.263917526,0.051546392,75,8,260,0.07442348,0.034381551,0.018867925
East Hampshire,44,Con,39,0,5,0,0,0,0,0,0,0,0,0,Conservative,E07000085,E,East Hampshire,South East,81.65,49.48,0.296,0.148475884,4.1,18,579,0.186464088,0.078098472,0.47660312,0.12305026,0.389948007,0.288674033,0.048342541,59,7,230,0.063764045,0.030617978,0.017275281
East Hertfordshire,50,Con,45,0,2,0,0,0,3,0,0,0,0,0,Conservative,E07000242,E,East Hertfordshire,East,80.4,50.36,0.312,0.137674581,4.2,21,640.6,0.126512651,NA,0.558312655,0.11662531,0.312655087,0.330033003,0.0440044,60,7,230,0.059439051,0.027615965,0.014778857
East Lindsey,60,NOC,30,10,1,0,2,0,17,0,0,0,0,0,Conservative,E07000137,E,East Lindsey,East Midlands,74.93,70.65,0.978,0.264829437,9.4,31,462.1,0.244925575,0.100358423,0.314671815,0.131274131,0.555984556,0.127198917,0.082543978,135,23,450,0.178337875,0.08773842,0.05626703
East Northamptonshire,40,Con,35,2,0,0,0,0,3,0,0,0,0,0,Conservative,E07000152,E,East Northamptonshire,East Midlands,76.99,58.76,0.693,0.172120095,6,21,564.2,0.182320442,0.051801802,0.384792627,0.122119816,0.493087558,0.182320442,0.046040516,87,12,280,0.080145719,0.037340619,0.022040073
East Staffordshire,39,NOC,18,16,1,0,0,0,4,0,0,0,0,0,Conservative,E07000193,E,East Staffordshire,West Midlands,74.39,63.21,0.862,0.184120863,6.9,29,476.2,0.216666667,0.024778761,0.373493976,0.160068847,0.468158348,0.169444444,0.159722222,109,16,340,0.096111111,0.052222222,0.030277778
Eastbourne,27,LD,12,0,15,0,0,0,0,0,0,0,0,0,LibDem,E07000061,E,Eastbourne,South East,74.73,57.33,0.629,0.215275822,8.8,24,522.1,0.248704663,0.050574713,0.353603604,0.155405405,0.490990991,0.252158895,0.08462867,122,19,420,0.137713311,0.073208191,0.042320819
Eastleigh,44,LD,4,0,40,0,0,0,0,0,0,0,0,0,LibDem,E07000086,E,Eastleigh,South East,78.28,52.45,0.402,0.155336704,5,22,547.8,0.135802469,0.02,0.463448276,0.102068966,0.430344828,0.225925926,0.050617284,76,8,260,0.069230769,0.032478632,0.018437118
Eden,38,NOC,15,0,10,0,0,0,13,0,0,0,0,0,Conservative,E07000030,E,Eden,North West,75.82,53.32,0.436,0.181569135,4.5,36,456.7,0.132492114,NA,0.401993355,0.15282392,0.445182724,0.283911672,0.044164038,95,10,270,0.070226537,0.039482201,0.025242718
Elmbridge,60,Con,32,0,6,0,0,0,22,0,0,0,0,0,Conservative,E07000207,E,Elmbridge,South East,78.14,40.47,0.116,0.125616046,3.8,14,743.6,0.20278834,0.057142857,0.661211129,0.058919804,0.253682488,0.508238276,0.054499366,51,7,250,0.057033248,0.028132992,0.017007673
Epping Forest,58,Con,36,1,3,1,2,0,14,0,0,0,0,0,Conservative,E07000072,E,Epping Forest,East,76.89,62.69,0.841,0.169815256,5.9,16,669.9,0.229781772,0.041597338,0.486486486,0.120826709,0.391096979,0.261874198,0.071887035,76,9,290,0.082002535,0.035614702,0.018124208
Epsom and Ewell,38,Ind,3,3,6,0,1,0,25,0,0,0,0,0,Independent,E07000208,E,Epsom and Ewell,South East,80.42,47.92,0.256,0.140329152,4.5,13,652,0.185501066,NA,0.661498708,0.046511628,0.26873385,0.324093817,0.038379531,50,7,240,0.061538462,0.029059829,0.015598291
Erewash,51,Con,26,25,0,0,0,0,0,0,0,0,0,0,Conservative,E07000036,E,Erewash,East Midlands,75.99,61.23,0.788,0.205797593,8.6,28,507.2,0.166902405,0.028862479,0.429752066,0.114049587,0.456198347,0.240452617,0.099009901,108,18,360,0.115558699,0.058698727,0.034229137
Exeter,40,Lab,10,27,3,0,0,0,0,0,0,0,0,0,Labour,E07000041,E,Exeter,South West,73.91,44.72,0.195,0.167245464,6.4,31,478.1,0.138442522,0.047277937,0.500740741,0.081481481,0.419259259,0.306551298,0.016069221,85,13,300,0.095041322,0.051239669,0.028453365
Fareham,31,Con,23,0,5,0,1,0,2,0,0,0,0,0,Conservative,E07000087,E,Fareham,South East,79.59,55.1,0.534,0.162455974,4.3,19,575.7,0.154285714,0.0625,0.52852349,0.10738255,0.342281879,0.22,0.02,62,7,230,0.06323319,0.030042918,0.016595136
Fenland,40,Con,34,0,2,0,0,0,4,0,0,0,0,0,Conservative,E07000010,E,Fenland,East,73.69,71.39,0.986,0.227194474,9.5,28,457.7,0.184563758,0.069958848,0.297239915,0.133757962,0.569002123,0.14261745,0.098993289,121,14,380,0.130067568,0.06722973,0.042567568
Forest Heath,27,Con,23,1,2,0,0,0,1,0,0,0,0,0,Conservative,E07000201,E,Forest Heath,East,72.62,64.97,0.894,0.164273281,5.2,39,422.7,0.218045113,NA,0.408496732,0.10130719,0.486928105,0.215538847,0.180451128,79,9,260,0.072,0.03775,0.02175
Forest of Dean,48,NOC,18,17,1,0,1,0,11,0,0,0,0,0,Conservative,E07000080,E,Forest of Dean,South West,77.47,58.58,0.682,0.199363112,7,30,524.4,0.168356998,0.03902439,0.383529412,0.188235294,0.411764706,0.229208925,0.077079108,100,12,310,0.106613226,0.054108216,0.029058116
Fylde,51,Con,26,0,3,0,0,0,22,0,0,0,0,0,Conservative,E07000119,E,Fylde,North West,75.57,56.96,0.616,0.21583484,6.8,26,520.1,0.1875,0.034188034,0.395027624,0.160220994,0.44198895,0.333333333,0.046296296,91,13,340,0.106912442,0.057373272,0.038018433
Gedling,50,Lab,15,31,4,0,0,0,0,0,0,0,0,0,Labour,E07000173,E,Gedling,East Midlands,76.6,55.55,0.547,0.197766485,8.1,25,516.1,0.231622746,0.075812274,0.515315315,0.147747748,0.338738739,0.295423024,0.087378641,105,16,330,0.104774898,0.051296044,0.032060027
Gloucester,36,NOC,18,9,9,0,0,0,0,0,0,0,0,0,Conservative,E07000081,E,Gloucester,South West,72.06,58.5,0.674,0.179828742,9,25,477.1,0.15648855,0.067873303,0.380348653,0.147385103,0.472266244,0.260814249,0.081424936,108,14,360,0.120075282,0.061229611,0.032873275
Gosport,34,Con,21,6,6,0,1,0,0,0,0,0,0,0,Conservative,E07000088,E,Gosport,South East,73.51,63.86,0.873,0.18469657,7.5,24,536.1,0.166347992,0.05733945,0.383886256,0.137440758,0.478672986,0.231357553,0.091778203,106,12,360,0.109640832,0.053119093,0.029300567
Gravesham,44,Con,23,21,0,0,0,0,0,0,0,0,0,0,Conservative,E07000109,E,Gravesham,South East,74.93,65.38,0.896,0.185312623,9.2,28,545,0.23255814,0.096969697,0.464208243,0.047722343,0.485900217,0.260465116,0.062015504,113,15,380,0.111329305,0.045317221,0.026435045
Great Yarmouth,39,NOC,14,15,0,0,10,0,0,0,0,0,0,0,Labour,E07000145,E,Great Yarmouth,East,69.06,71.5,0.989,0.236859689,12.5,39,448.8,0.303839733,0.043165468,0.398126464,0.142857143,0.459016393,0.096828047,0.075125209,146,25,460,0.18098472,0.087096774,0.053480475
Guildford,48,Con,34,2,12,0,0,0,0,0,0,0,0,0,Conservative,E07000209,E,Guildford,South East,76.96,43.83,0.179,0.129527711,4.3,14,646.1,0.265674814,0.049132948,0.543065693,0.070072993,0.379562044,0.381509033,0.080765143,47,8,210,0.056276151,0.027824268,0.016527197
Hambleton,44,Con,39,0,2,0,0,0,3,0,0,0,0,0,Conservative,E07000164,E,Hambleton,Yorkshire and The Humber,78.45,53.66,0.447,0.169104779,4.2,35,479.5,0.145794393,NA,0.391393443,0.211065574,0.397540984,0.239252336,0.056074766,78,7,250,0.068380952,0.035428571,0.019809524
Harborough,37,Con,27,0,9,0,0,0,1,0,0,0,0,0,Conservative,E07000131,E,Harborough,East Midlands,81.44,50.75,0.338,0.148743295,3.9,24,574.9,0.217948718,0.028037383,0.518930958,0.106904232,0.371937639,0.241758242,0.062271062,65,7,230,0.054744526,0.027919708,0.016423358
Harlow,33,Lab,11,17,0,0,5,0,0,0,0,0,0,0,Labour,E07000073,E,Harlow,East,73.56,68.1,0.949,0.190312897,9.7,26,490.7,0.192090395,0.072429907,0.405797101,0.108695652,0.485507246,0.131826742,0.064030132,131,13,410,0.11875,0.052757353,0.026102941
Harrogate,54,Con,34,0,15,0,0,1,4,0,0,0,0,0,Conservative,E07000165,E,Harrogate,Yorkshire and The Humber,78.89,49.03,0.285,0.155964756,4.2,30,518,0.185577943,0.0234375,0.535279805,0.098540146,0.362530414,0.319194062,0.057264051,73,8,260,0.065198238,0.037555066,0.021365639
Hart,33,NOC,14,0,9,0,0,0,10,0,0,0,0,0,Conservative,E07000089,E,Hart,South East,82.67,47.6,0.251,0.119011787,3.6,14,708.1,0.153024911,NA,0.553752535,0.101419878,0.346855984,0.393238434,0.033807829,46,5,210,0.048134991,0.020959147,0.012611012
Hastings,32,Lab,8,24,0,0,0,0,0,0,0,0,0,0,Labour,E07000062,E,Hastings,South East,71.64,54.88,0.529,0.232576949,13.5,32,446.1,0.285217391,0.051094891,0.392059553,0.049627792,0.555831266,0.19826087,0.093913043,148,31,540,0.182986111,0.098611111,0.058854167
Havant,38,Con,31,4,1,0,2,0,0,0,0,0,0,0,Conservative,E07000090,E,Havant,South East,74.1,62.36,0.822,0.198327865,8.9,24,520.1,0.217630854,0.042253521,0.469858156,0.122340426,0.409574468,0.221763085,0.084022039,104,15,350,0.127222222,0.057916667,0.034166667
Hertsmere,39,Con,34,5,0,0,0,0,0,0,0,0,0,0,Conservative,E07000098,E,Hertsmere,East,76.62,50.84,0.341,0.155811698,6.1,22,551.6,0.226984127,0.061601643,0.503092784,0.119587629,0.362886598,0.26031746,0.080952381,78,11,290,0.082753165,0.038449367,0.021360759
High Peak,43,NOC,15,21,3,0,0,0,4,0,0,0,0,0,Labour,E07000037,E,High Peak,East Midlands,75.69,50.55,0.322,0.184031598,6.8,30,510.9,0.177391304,0.042283298,0.453763441,0.068817204,0.479569892,0.340869565,0.076521739,93,14,310,0.096452703,0.052702703,0.032263514
Hinckley & Bosworth,34,Con,15,1,18,0,0,0,0,0,0,0,0,0,LibDem,E07000132,E,Hinckley and Bosworth,East Midlands,76.8,60.33,0.746,0.179038429,5.7,22,524.1,0.168181818,0.032727273,0.47037037,0.12037037,0.409259259,0.218181818,0.08030303,89,12,280,0.083257919,0.041176471,0.024585219
Horsham,44,Con,34,0,8,0,0,0,2,0,0,0,0,0,Conservative,E07000227,E,Horsham,South East,81.65,48.54,0.272,0.146335519,4.1,20,627.9,0.169426752,0.015337423,0.541229385,0.107946027,0.350824588,0.352866242,0.039490446,60,7,230,0.064249364,0.031679389,0.018066158
Huntingdonshire,52,Con,35,1,5,0,7,0,4,0,0,0,0,0,Conservative,E07000011,E,Huntingdonshire,East,77.82,54.24,0.492,0.155526583,5.7,19,543.5,0.146788991,0.02688172,0.417801047,0.076439791,0.506806283,0.26146789,0.056880734,78,9,280,0.073193047,0.037145471,0.022506862
Hyndburn,35,Lab,8,23,0,0,2,0,2,0,0,0,0,0,Labour,E07000120,E,Hyndburn,North West,64.74,66.19,0.904,0.227475413,12.1,38,454.5,0.233532934,0.052219321,0.324250681,0.070844687,0.607629428,0.161676647,0.107784431,154,29,500,0.16,0.0922,0.057
Ipswich,48,Lab,10,35,3,0,0,0,0,0,0,0,0,0,Labour,E07000202,E,Ipswich,East,72.51,58.26,0.664,0.18602681,10,33,483.3,0.215909091,0.063860668,0.372699387,0.090490798,0.523006135,0.178409091,0.1125,129,15,390,0.130138568,0.064549654,0.037644342
Kettering,36,Con,25,9,0,0,1,0,1,0,0,0,0,0,Conservative,E07000153,E,Kettering,East Midlands,76.43,60.99,0.775,0.176132656,8.3,28,505.5,0.145833333,0.06300813,0.410309278,0.098969072,0.488659794,0.237847222,0.069444444,111,17,360,0.108673469,0.053571429,0.031972789
King's Lynn & West Norfolk,62,Con,42,12,2,1,1,0,4,0,0,0,0,0,Conservative,E07000146,E,King's Lynn and West Norfolk,East,74.75,66.4,0.917,0.220059545,8.5,33,468.4,0.168028005,0.082748948,0.371179039,0.144104803,0.486171761,0.176196033,0.135355893,118,16,340,0.120754717,0.062382075,0.038325472
Lancaster,60,NOC,15,23,0,8,0,0,14,0,0,0,0,0,Labour,E07000121,E,Lancaster,North West,72.69,51.08,0.365,0.194883469,8.2,30,492.7,0.26987682,0.032208589,0.491499227,0.089644513,0.41885626,0.294512878,0.088465845,108,17,360,0.116022727,0.064204545,0.041931818
Lewes,41,NOC,20,0,18,0,2,0,1,0,0,0,0,0,Conservative,E07000063,E,Lewes,South East,77.89,47.93,0.259,0.196395971,6.2,27,553.4,0.205309735,0.053452116,0.417410714,0.147321429,0.4375,0.237168142,0.069026549,103,13,340,0.099116608,0.050706714,0.028975265
Lichfield,56,Con,46,10,0,0,0,0,0,0,0,0,0,0,Conservative,E07000194,E,Lichfield,West Midlands,78.78,58.81,0.695,0.182953484,5.1,19,593.3,0.168269231,0.036538462,0.490671642,0.063432836,0.445895522,0.254807692,0.102564103,77,11,280,0.085947712,0.04379085,0.023856209
Lincoln,33,Lab,6,27,0,0,0,0,0,0,0,0,0,0,Labour,E07000138,E,Lincoln,East Midlands,69.34,56.94,0.613,0.192386226,10.6,31,477.9,0.222390318,0.048638132,0.257936508,0.099206349,0.632936508,0.175491679,0.107413011,124,21,370,0.139393939,0.067424242,0.040909091
Maidstone,55,NOC,24,2,20,0,4,0,5,0,0,0,0,0,Conservative,E07000110,E,Maidstone,South East,76.02,58.75,0.69,0.16838014,5.6,23,557.7,0.153692615,0.044811321,0.421428571,0.11547619,0.463095238,0.260479042,0.062874251,85,11,290,0.087354086,0.039688716,0.022470817
Maldon,31,Con,27,1,0,0,0,0,3,0,0,0,0,0,Conservative,E07000074,E,Maldon,East,79.17,62.58,0.838,0.181683947,5.8,18,609.8,0.25,NA,0.501538462,0.209230769,0.258461538,0.24742268,0.077319588,77,9,300,0.082857143,0.036883117,0.020519481
Malvern Hills,38,Con,21,0,9,2,1,0,5,0,0,0,0,0,Conservative,E07000235,E,Malvern Hills,West Midlands,80.61,52.16,0.396,0.193605874,5,29,535,0.236144578,NA,0.537091988,0.148367953,0.3115727,0.43373494,0.057831325,85,12,270,0.095704057,0.049642005,0.029116945
Mansfield,36,Lab,0,25,0,0,0,0,11,0,0,0,0,0,Labour,E07000174,E,Mansfield,East Midlands,72.62,70.86,0.984,0.24195432,12.7,38,435.9,0.18445122,NA,0.264705882,0.126838235,0.606617647,0.146341463,0.047256098,137,28,430,0.16778626,0.086870229,0.056641221
Melton,28,Con,19,6,0,0,0,0,3,0,0,0,0,0,Conservative,E07000133,E,Melton,East Midlands,81.36,58.11,0.656,0.161485628,4.8,36,491.6,0.176656151,0.049618321,0.4,0.086792453,0.505660377,0.170347003,0.031545741,83,8,250,0.069677419,0.032258065,0.017096774
Mendip,47,Con,31,1,14,0,0,0,1,0,0,0,0,0,Conservative,E07000187,E,Mendip,South West,77.01,48.93,0.28,0.181700052,6,31,521,0.214177979,0.034548944,0.5,0.113970588,0.386029412,0.283559578,0.039215686,99,13,330,0.099097744,0.052030075,0.028120301
Mid Devon,42,Con,24,0,6,0,0,1,11,0,0,0,0,0,Conservative,E07000042,E,Mid Devon,South West,79.38,53.34,0.439,0.179202572,5.6,30,479.9,0.160416667,NA,0.512941176,0.162352941,0.315294118,0.245833333,0.039583333,116,12,350,0.092688172,0.045376344,0.024301075
Mid Suffolk,40,Con,21,1,6,4,1,0,7,0,0,0,0,0,Conservative,E07000203,E,Mid Suffolk,East,78.16,55.23,0.537,0.168064013,4.7,29,512.3,0.203071672,NA,0.439672802,0.139059305,0.419222904,0.230375427,0.100682594,84,8,250,0.067790894,0.032546374,0.019561551
Mid Sussex,54,Con,45,1,8,0,0,0,0,0,0,0,0,0,Conservative,E07000228,E,Mid Sussex,South East,80.79,46.91,0.235,0.142199342,3.8,16,615.8,0.177956372,0.018156425,0.564276049,0.082543978,0.353179973,0.35706085,0.040183697,59,7,230,0.057918552,0.029072398,0.016742081
Mole Valley,41,NOC,19,0,15,0,1,0,6,0,0,0,0,0,Conservative,E07000210,E,Mole Valley,South East,82.17,46.92,0.238,0.148146413,3.8,20,597.5,0.18452381,0.051094891,0.443349754,0.056650246,0.47044335,0.365079365,0.041666667,49,8,220,0.06598778,0.033401222,0.019348269
New Forest,60,Con,52,0,6,0,2,0,0,0,0,0,0,0,Conservative,E07000091,E,New Forest,South East,79.25,57.76,0.642,0.189780236,4.7,23,537,0.186758893,0.04368932,0.413872832,0.121387283,0.464739884,0.184782609,0.070158103,80,10,280,0.083168317,0.041089109,0.023762376
Newark and Sherwood,46,NOC,22,15,3,0,0,0,6,0,0,0,0,0,Conservative,E07000175,E,Newark and Sherwood,East Midlands,76.86,60.39,0.751,0.205901565,8.1,32,469.8,0.300970874,NA,0.355086372,0.176583493,0.460652591,0.148404993,0.109570042,101,17,330,0.114187328,0.056473829,0.035261708
Newcastle-under-Lyme,60,Lab,16,32,6,1,5,0,0,0,0,0,0,0,Labour,E07000195,E,Newcastle-under-Lyme,West Midlands,74.3,63.04,0.851,0.208636404,7.1,25,484.8,0.221227621,0.024671053,0.331691297,0.165845649,0.502463054,0.210997442,0.093350384,94,18,310,0.111166876,0.061229611,0.036135508
North Devon,43,NOC,19,0,13,0,0,0,11,0,0,0,0,0,Conservative,E07000043,E,North Devon,South West,76.85,57.04,0.619,0.197743069,6.8,34,446.8,0.187279152,0.02826087,0.348249027,0.157587549,0.488326848,0.190812721,0.045936396,118,15,380,0.107155323,0.055322862,0.030715532
North Dorset,33,Con,22,0,7,0,0,0,4,0,0,0,0,0,Conservative,E07000050,E,North Dorset,South West,79.71,56.4,0.582,0.169940073,4.8,33,496.3,0.16112532,0.042682927,0.42042042,0.171171171,0.399399399,0.227621483,0.066496164,90,10,270,0.084223919,0.043256997,0.025699746
North East Derbyshire,53,Lab,17,34,0,0,0,0,2,0,0,0,0,0,Labour,E07000038,E,North East Derbyshire,East Midlands,75.25,62.78,0.843,0.227846056,8.3,25,503.7,0.197730956,0.038306452,0.46506986,0.189620758,0.343313373,0.220421394,0.048622366,100,19,330,0.120895522,0.062852405,0.039303483
North Hertfordshire,49,Con,34,12,3,0,0,0,0,0,0,0,0,0,Conservative,E07000099,E,North Hertfordshire,East,78.27,45.63,0.222,0.156969335,5.3,20,637.3,0.140526976,0.045189504,0.517595308,0.090909091,0.376832845,0.323713927,0.063989962,73,9,280,0.079975124,0.033955224,0.019278607
North Kesteven,43,Con,27,0,3,0,0,0,13,0,0,0,0,0,Conservative,E07000139,E,North Kesteven,East Midlands,78.4,62.26,0.817,0.189011377,4.8,31,509.4,0.178571429,0.047101449,0.460854093,0.12455516,0.416370107,0.208333333,0.044642857,92,11,290,0.08390462,0.039642325,0.025484352
North Norfolk,48,Con,28,0,17,0,1,0,2,0,0,0,0,0,Conservative,E07000147,E,North Norfolk,East,76.84,58.91,0.701,0.233095893,7.1,35,442,0.275179856,NA,0.285046729,0.158878505,0.558411215,0.111510791,0.113309353,107,14,320,0.104378284,0.053940455,0.033625219
North Warwickshire,35,Lab,17,18,0,0,0,0,0,0,0,0,0,0,Labour,E07000218,E,North Warwickshire,West Midlands,76.27,66.88,0.928,0.200454736,5.1,24,492.6,0.212658228,NA,0.381987578,0.198757764,0.409937888,0.151898734,0.169620253,98,12,310,0.092875318,0.04351145,0.023918575
North West Leicestershire,38,Con,21,16,1,0,0,0,0,0,0,0,0,0,Conservative,E07000134,E,North West Leicestershire,East Midlands,77.95,60.7,0.764,0.190321821,7,29,500,0.154761905,0.036217304,0.447105788,0.067864271,0.479041916,0.268707483,0.085034014,98,13,300,0.091554054,0.044763514,0.02652027
Northampton,45,Con,26,14,4,0,1,0,0,0,0,0,0,0,Conservative,E07000154,E,Northampton,East Midlands,72.68,58.38,0.669,0.171505501,8,26,483.9,0.184397163,0.016536118,0.377816291,0.103986135,0.51559792,0.229787234,0.121985816,121,15,370,0.108315863,0.051991614,0.03137666
Norwich,39,Lab,0,21,3,15,0,0,0,0,0,0,0,0,Labour,E07000148,E,Norwich,East,69.12,43.76,0.177,0.197106677,9.4,33,470.1,0.231852654,0.033898305,0.376068376,0.111111111,0.50997151,0.335861322,0.066088841,114,23,370,0.132908705,0.073779193,0.046496815
Nuneaton and Bedworth,34,Lab,3,28,0,2,0,0,1,0,0,0,0,0,Labour,E07000219,E,Nuneaton and Bedworth,West Midlands,74.35,66.01,0.902,0.206870948,8.8,25,488.7,0.286259542,0.026737968,0.353790614,0.102888087,0.545126354,0.192111959,0.138676845,122,17,400,0.132258065,0.065032258,0.035612903
Oadby and Wigston,26,LD,4,0,22,0,0,0,0,0,0,0,0,0,LibDem,E07000135,E,Oadby and Wigston,East Midlands,73.77,54.58,0.515,0.181929856,5.8,29,452.9,0.213450292,0.055762082,0.47080292,0.054744526,0.448905109,0.274853801,0.032163743,99,11,290,0.087987988,0.040840841,0.024624625
Oxford,48,Lab,0,32,8,6,0,0,1,0,0,0,0,0,Labour,E07000178,E,Oxford,South East,72.34,29.73,0.031,0.130350348,4.8,19,559,0.153015302,0.061636557,0.643553629,0.063921993,0.292524377,0.590459046,0.04590459,64,10,240,0.069781659,0.038165939,0.02279476
Pendle,49,NOC,19,18,11,0,0,0,0,1,0,0,0,0,Conservative,E07000122,E,Pendle,North West,70.33,63.15,0.854,0.219793856,10.9,30,449.5,0.22160149,0.047732697,0.239506173,0.190123457,0.567901235,0.148975791,0.137802607,160,27,470,0.147180451,0.079699248,0.04887218
Preston,57,Lab,19,32,5,0,0,0,1,0,0,0,0,0,Labour,E07000123,E,Preston,North West,68.72,53.31,0.433,0.193192679,9.2,36,435.1,0.272043011,0.051775148,0.307110439,0.121028744,0.571860817,0.216129032,0.148387097,128,20,390,0.134347826,0.071521739,0.044565217
Purbeck,24,NOC,12,0,11,0,0,0,1,0,0,0,0,0,Conservative,E07000051,E,Purbeck,South West,78.91,59.07,0.706,0.191092433,4.9,29,464.1,0.200704225,NA,0.307692308,0.123931624,0.465811966,0.306338028,0.038732394,100,9,310,0.078700361,0.037906137,0.02166065
Redditch,29,Lab,9,18,0,0,1,0,1,0,0,0,0,0,Labour,E07000236,E,Redditch,West Midlands,75.22,62.29,0.82,0.183686798,8.3,34,428.9,0.238351254,0.056470588,0.365384615,0.108173077,0.514423077,0.17921147,0.109318996,122,14,360,0.112454212,0.053846154,0.03003663
Reigate and Banstead,51,Con,37,0,2,3,1,0,8,0,0,0,0,0,Conservative,E07000211,E,Reigate and Banstead,South East,78.28,50.49,0.317,0.144194145,4.4,14,634.6,0.195725534,0.027972028,0.590410959,0.134246575,0.275342466,0.361079865,0.039370079,62,8,260,0.068151448,0.032182628,0.018374165
Ribble Valley,40,Con,33,0,6,0,0,0,1,0,0,0,0,0,Conservative,E07000124,E,Ribble Valley,North West,79.02,56.39,0.579,0.163498565,5.1,21,542.9,0.12716763,NA,0.521172638,0.149837134,0.306188925,0.242774566,0.054913295,75,9,250,0.0696793,0.039067055,0.024198251
Richmondshire,34,Ind,13,0,2,0,1,0,18,0,0,0,0,0,Independent,E07000166,E,Richmondshire,Yorkshire and The Humber,75.15,56.78,0.597,0.152102377,3.9,32,518.5,0.141891892,NA,0.372180451,0.146616541,0.477443609,0.185810811,0.074324324,75,5,240,0.06838488,0.033333333,0.017869416
Rochford,39,Con,27,1,3,2,3,0,3,0,0,0,0,0,Conservative,E07000075,E,Rochford,East,78.81,66.61,0.92,0.173232317,4.9,24,577.8,0.207364341,NA,0.381861575,0.097852029,0.525059666,0.182170543,0.083333333,72,9,260,0.072307692,0.031153846,0.0175
Rossendale,36,Lab,9,24,0,0,0,0,2,0,0,0,0,0,Labour,E07000125,E,Rossendale,North West,72.43,60.68,0.761,0.206466418,10.3,34,481,0.253363229,NA,0.468085106,0.167173252,0.364741641,0.358744395,0.053811659,129,22,400,0.131081081,0.072747748,0.046846847
Rother,38,Con,27,2,5,0,0,0,4,0,0,0,0,0,Conservative,E07000064,E,Rother,South East,79.33,58.53,0.677,0.228496048,6.7,30,519.4,0.232,0.018229167,0.466183575,0.164251208,0.369565217,0.202,0.09,105,15,350,0.114455446,0.057821782,0.034851485
Rugby,42,Con,22,10,7,0,0,0,2,0,0,0,0,0,Conservative,E07000220,E,Rugby,West Midlands,79.03,56.7,0.595,0.170452161,5.8,23,576.4,0.136585366,0.026365348,0.506445672,0.073664825,0.419889503,0.315447154,0.05203252,97,10,310,0.08251634,0.040849673,0.022222222
Runnymede,42,Con,35,0,0,0,1,0,6,0,0,0,0,0,Conservative,E07000212,E,Runnymede,South East,76.07,54.26,0.494,0.145820395,4,14,597.9,0.226449275,0.046838407,0.487058824,0.096470588,0.416470588,0.30615942,0.076086957,53,8,230,0.058638743,0.027225131,0.015532286
Rushcliffe,50,Con,34,5,6,2,0,0,3,0,0,0,0,0,Conservative,E07000176,E,Rushcliffe,East Midlands,81.56,42.45,0.161,0.154937055,4.3,18,621,0.184325109,0.035587189,0.665534805,0.064516129,0.269949066,0.432510885,0.029027576,61,8,240,0.064091559,0.030472103,0.01888412
Rushmoor,39,Con,24,12,0,0,3,0,0,0,0,0,0,0,Conservative,E07000092,E,Rushmoor,South East,74.18,58.21,0.661,0.143880521,6,19,518,0.074193548,0.036585366,0.394690265,0.092035398,0.504424779,0.2,0.072580645,86,11,310,0.084109149,0.041091493,0.024398074
Ryedale,30,Con,18,0,3,0,0,5,4,0,0,0,0,0,Conservative,E07000167,E,Ryedale,Yorkshire and The Humber,77.22,55.26,0.539,0.187822458,4.1,35,411.8,0.18729097,NA,0.334693878,0.232653061,0.428571429,0.237458194,0.123745819,88,8,260,0.077666667,0.039333333,0.022
Scarborough,50,NOC,24,6,2,1,2,0,13,0,0,0,0,0,Conservative,E07000168,E,Scarborough,Yorkshire and The Humber,73.03,61.99,0.801,0.228240788,9.3,33,467.9,0.195751138,NA,0.412891986,0.200348432,0.383275261,0.262518968,0.077389985,131,19,440,0.143498452,0.077244582,0.045201238
Sedgemoor,48,Con,31,13,2,0,0,0,2,0,0,0,0,0,Conservative,E07000188,E,Sedgemoor,South West,76.3,61.2,0.785,0.202927008,7.8,30,466.8,0.198838897,0.027173913,0.36173913,0.172173913,0.460869565,0.181422351,0.07256894,111,16,350,0.117689016,0.058915835,0.032952924
Selby,41,Con,29,10,0,0,0,0,2,0,0,0,0,0,Conservative,E07000169,E,Selby,Yorkshire and The Humber,79.1,59.17,0.711,0.173447255,5.4,26,526.5,0.175373134,0.029478458,0.440449438,0.146067416,0.415730337,0.240671642,0.080223881,85,9,280,0.083458647,0.039661654,0.023308271
Sevenoaks,54,Con,47,5,2,0,0,0,0,0,0,0,0,0,Conservative,E07000111,E,Sevenoaks,South East,80.68,54.38,0.507,0.154517682,4.7,19,595.5,0.222535211,0.04159132,0.582733813,0.064748201,0.318345324,0.415492958,0.077464789,67,8,250,0.073153409,0.030681818,0.0171875
Shepway,46,Con,43,0,1,0,0,0,2,0,0,0,0,0,Conservative,E07000112,E,Shepway,South East,75,62.25,0.814,0.216664042,10.2,31,543.8,0.191653787,0.030592734,0.374771481,0.115173675,0.510054845,0.168469861,0.074188563,116,18,440,0.14968652,0.067084639,0.037617555
South Buckinghamshire,40,Con,38,0,1,0,0,0,1,0,0,0,0,0,Conservative,E07000006,E,South Bucks,South East,78.08,50.7,0.335,0.142746048,4,14,670.1,0.2075,0.022082019,0.6,0.067692308,0.335384615,0.465,0.0375,49,6,230,0.057493857,0.026044226,0.014250614
South Cambridgeshire,57,Con,34,1,13,0,0,0,9,0,0,0,0,0,Conservative,E07000012,E,South Cambridgeshire,East,81.21,39.77,0.105,0.138260899,3.7,16,619.5,0.143617021,0.033498759,0.555693069,0.080445545,0.360148515,0.428723404,0.028723404,56,6,220,0.05856531,0.028907923,0.018308351
South Derbyshire,36,Con,19,17,0,0,0,0,0,0,0,0,0,0,Conservative,E07000039,E,South Derbyshire,East Midlands,76.8,60.35,0.748,0.179535149,6.5,26,509.2,0.221498371,0.052301255,0.488517745,0.083507307,0.427974948,0.24267101,0.029315961,89,12,290,0.085483871,0.043387097,0.026612903
South Hams,40,Con,30,1,5,3,0,0,1,0,0,0,0,0,Conservative,E07000044,E,South Hams,South West,80.27,47.15,0.246,0.182246813,4.3,24,502.9,0.270325203,NA,0.543010753,0.126344086,0.317204301,0.365853659,0.044715447,102,12,320,0.087835052,0.043917526,0.024536082
South Holland,37,Con,25,0,0,0,0,0,12,0,0,0,0,0,Conservative,E07000140,E,South Holland,East Midlands,75.37,73.59,0.997,0.219213776,7,27,443.7,0.221579961,0.032178218,0.279069767,0.134883721,0.58372093,0.163776493,0.065510597,123,13,360,0.099235182,0.04875717,0.030592734
South Kesteven,58,Con,38,6,0,0,0,0,14,0,0,0,0,0,Conservative,E07000141,E,South Kesteven,East Midlands,78.25,59.93,0.727,0.180614106,6.1,27,475.3,0.179268293,0.072916667,0.43030303,0.068181818,0.501515152,0.264634146,0.052439024,96,12,310,0.085159011,0.040753828,0.025559482
South Lakeland,51,LD,14,3,34,0,0,0,0,0,0,0,0,0,LibDem,E07000031,E,South Lakeland,North West,79.78,47.14,0.243,0.18148141,4.6,31,518.4,0.168110919,0.029166667,0.422222222,0.171717172,0.404040404,0.284228769,0.051993068,86,10,260,0.072048611,0.040972222,0.0265625
South Norfolk,46,Con,36,0,8,0,0,0,2,0,0,0,0,0,Conservative,E07000149,E,South Norfolk,East,78.54,51.69,0.386,0.1784666,5.1,26,533.8,0.181225554,0.034976153,0.46581876,0.152623211,0.373608903,0.250325945,0.088657106,85,11,280,0.078141361,0.039528796,0.02473822
South Northamptonshire,42,Con,32,1,3,0,0,0,6,0,0,0,0,0,Conservative,E07000155,E,South Northamptonshire,East Midlands,79.46,54.34,0.502,0.144173544,3.8,21,613.7,0.19851577,0.023148148,0.482517483,0.137529138,0.377622378,0.311688312,0.044526902,59,6,220,0.052102377,0.023765996,0.014625229
South Oxfordshire,48,Con,33,4,4,0,0,0,7,0,0,0,0,0,Conservative,E07000179,E,South Oxfordshire,South East,80.75,45.02,0.208,0.140826922,3.8,17,616.9,0.105582524,0.033921303,0.640052356,0.078534031,0.281413613,0.479368932,0.03276699,55,6,220,0.055555556,0.026207729,0.014975845
South Ribble,55,Con,33,21,1,0,0,0,0,0,0,0,0,0,Conservative,E07000126,E,South Ribble,North West,75.38,58.56,0.679,0.181895706,6.8,24,482.4,0.183161004,0.038043478,0.372912801,0.131725417,0.487940631,0.193500739,0.096011817,99,13,310,0.090829694,0.045705968,0.029403202
South Somerset,60,LD,25,0,31,0,0,0,4,0,0,0,0,0,LibDem,E07000189,E,South Somerset,South West,78.69,57.25,0.626,0.186426698,6.3,29,456.4,0.163201663,0.037267081,0.391041162,0.140435835,0.463680387,0.248440748,0.048856549,97,12,310,0.095502092,0.050732218,0.027405858
South Staffordshire,49,Con,41,2,0,0,0,0,6,0,0,0,0,0,Conservative,E07000196,E,South Staffordshire,West Midlands,77.81,64.85,0.891,0.191517696,5.2,22,545.9,0.17791411,0.083955224,0.480519481,0.12244898,0.395176252,0.256134969,0.067484663,76,10,250,0.085090361,0.037801205,0.020933735
Spelthorne,39,Con,26,0,6,0,0,0,7,0,0,0,0,0,Conservative,E07000213,E,Spelthorne,South East,77.93,60.3,0.743,0.16140505,4.7,17,658,0.153465347,0.027237354,0.512428298,0.080305927,0.382409178,0.303630363,0.072607261,67,9,290,0.078747941,0.035749588,0.01878089
St Albans,58,NOC,28,10,17,1,0,0,2,0,0,0,0,0,Conservative,E07000240,E,St Albans,East,82.51,37.29,0.074,0.130239436,4.1,16,700.6,0.16532721,0.019257221,0.689189189,0.033783784,0.275675676,0.545350172,0.033295063,53,7,240,0.060770975,0.028798186,0.015986395
St Edmundsbury,45,Con,37,3,0,1,0,0,4,0,0,0,0,0,Conservative,E07000204,E,St Edmundsbury,East,76.72,56.62,0.592,0.169438239,5.5,27,508.9,0.155455904,0.028318584,0.429071804,0.112084063,0.448336252,0.228699552,0.077727952,83,9,270,0.081873112,0.0418429,0.024169184
Stafford,59,Con,36,18,1,1,0,0,3,0,0,0,0,0,Conservative,E07000197,E,Stafford,West Midlands,77.83,55.99,0.558,0.182846969,4.8,29,531.3,0.229468599,0.031298905,0.514240506,0.055379747,0.425632911,0.291062802,0.049516908,82,11,270,0.084774665,0.044701583,0.024969549
Staffordshire Moorlands,56,NOC,25,8,4,0,0,0,19,0,0,0,0,0,Conservative,E07000198,E,Staffordshire Moorlands,West Midlands,75.36,64.73,0.888,0.207834737,4.8,28,498.5,0.157068063,0.041407867,0.304703476,0.108384458,0.584867076,0.134380454,0.090750436,92,15,290,0.094809689,0.050865052,0.029930796
Stevenage,39,Lab,3,33,3,0,0,0,0,0,0,0,0,0,Labour,E07000243,E,Stevenage,East,73.7,59.25,0.716,0.172588349,8.8,26,543.2,0.169611307,0.029723992,0.326963907,0.176220807,0.488322718,0.166077739,0.090106007,108,14,340,0.111287478,0.049559083,0.026984127
Stratford-on-Avon,53,Con,36,1,12,0,0,0,4,0,0,0,0,0,Conservative,E07000221,E,Stratford-on-Avon,West Midlands,80.82,51.56,0.378,0.169523177,3.4,24,546.3,0.168523677,0.015075377,0.59618442,0.111287758,0.292527822,0.371866295,0.043175487,76,8,260,0.0674189,0.033991537,0.019464034
Stroud,51,NOC,22,20,3,6,0,0,0,0,0,0,0,0,Conservative,E07000082,E,Stroud,South West,80.03,45.39,0.219,0.171033614,5.7,23,525.7,0.135908441,0.029801325,0.415458937,0.14331723,0.441223833,0.30472103,0.060085837,78,10,270,0.079600571,0.041940086,0.023252496
Suffolk Coastal,55,Con,44,4,5,0,0,0,2,0,0,0,0,0,Conservative,E07000205,E,Suffolk Coastal,East,80.68,53,0.425,0.182504948,4.3,23,552,0.204052098,0.038181818,0.533795494,0.064124783,0.396880416,0.266280753,0.040520984,83,10,280,0.080174927,0.041836735,0.025801749
Surrey Heath,40,Con,35,2,1,0,0,0,2,0,0,0,0,0,Conservative,E07000214,E,Surrey Heath,South East,79.81,50.98,0.354,0.132324944,4.3,14,654.4,0.226345083,0.035885167,0.568075117,0.05399061,0.35915493,0.315398887,0.057513915,52,7,240,0.05735568,0.027560521,0.016201117
Swale,47,Con,32,13,1,0,0,0,1,0,0,0,0,0,Conservative,E07000113,E,Swale,South East,74.27,62.46,0.83,0.198166894,9.8,23,537.4,0.226415094,0.048780488,0.356481481,0.135802469,0.50617284,0.16509434,0.101415094,114,18,400,0.142339181,0.060935673,0.034736842
Tamworth,30,Con,18,10,0,0,1,0,1,0,0,0,0,0,Conservative,E07000199,E,Tamworth,West Midlands,74.18,67.47,0.933,0.191634229,7.7,29,472,0.166,0.064748201,0.435443038,0.078481013,0.488607595,0.188,0.154,117,14,360,0.116427105,0.057905544,0.029979466
Tandridge,42,Con,34,0,6,0,0,0,2,0,0,0,0,0,Conservative,E07000215,E,Tandridge,South East,80.36,52.84,0.415,0.151425336,4.5,17,636.5,0.195171026,NA,0.4738041,0.161731207,0.366742597,0.356136821,0.098591549,60,7,240,0.070058708,0.031898239,0.017808219
Taunton Deane,56,Con,36,3,14,0,0,0,3,0,0,0,0,0,Conservative,E07000190,E,Taunton Deane,South West,78.16,52.92,0.417,0.18356975,6.4,29,489.3,0.190615836,0.047101449,0.435424354,0.119926199,0.444649446,0.31085044,0.027859238,106,13,340,0.098522895,0.052584934,0.028655835
Teignbridge,46,Con,25,0,13,0,0,0,8,0,0,0,0,0,Conservative,E07000045,E,Teignbridge,South West,79.4,53.9,0.468,0.2017308,5.5,32,440.8,0.17260274,NA,0.524767802,0.114551084,0.359133127,0.247945205,0.053424658,106,13,330,0.102968961,0.049932524,0.02780027
Tendring,60,Con,33,9,2,0,0,0,16,0,0,0,0,0,Conservative,E07000076,E,Tendring,East,74.4,69.5,0.965,0.25760605,9.6,27,493.5,0.265171504,0.068222621,0.321561338,0.1133829,0.565055762,0.160949868,0.106860158,131,20,480,0.171911573,0.081794538,0.043693108
Test Valley,48,Con,36,0,12,0,0,0,0,0,0,0,0,0,Conservative,E07000093,E,Test Valley,South East,79.65,51.94,0.394,0.153902988,4.4,20,603.1,0.178120617,0.022146508,0.502454992,0.142389525,0.356792144,0.361851332,0.022440393,65,8,240,0.071724138,0.033517241,0.018758621
Tewkesbury,38,Con,24,0,11,0,0,0,3,0,0,0,0,0,Conservative,E07000083,E,Tewkesbury,South West,79.15,53.25,0.431,0.167482274,5.2,22,565.8,0.11328125,0.046255507,0.395402299,0.144827586,0.462068966,0.21875,0.03125,79,8,250,0.071823204,0.032228361,0.018232044
Thanet,56,NOC,18,4,0,0,28,0,6,0,0,0,0,0,UKIP,E07000114,E,Thanet,South East,72.8,63.85,0.87,0.241731626,12.4,38,439.5,0.245547074,0.045531197,0.375862069,0.127586207,0.496551724,0.134860051,0.080152672,159,24,520,0.181829574,0.08433584,0.048621554
Three Rivers,39,LD,13,3,23,0,0,0,0,0,0,0,0,0,LibDem,E07000102,E,Three Rivers,East,78.5,51.27,0.37,0.150909903,4.2,16,522.2,0.158558559,NA,0.52360515,0.120171674,0.356223176,0.297297297,0.064864865,68,8,260,0.066725979,0.030427046,0.016903915
Tonbridge and Malling,53,Con,48,1,4,0,0,0,0,0,0,0,0,0,Conservative,E07000115,E,Tonbridge and Malling,South East,79.62,55.7,0.555,0.157476926,5.7,23,563.7,0.157894737,0.033707865,0.483974359,0.084935897,0.434294872,0.278002699,0.02294197,82,9,280,0.082631579,0.034736842,0.019210526
Torridge,36,NOC,18,0,6,0,0,0,12,0,0,0,0,0,Conservative,E07000046,E,Torridge,South West,78.41,60.83,0.767,0.216325444,7.4,34,485.1,0.333333333,0.084291188,0.475285171,0.174904943,0.247148289,0.233333333,0.097435897,132,15,400,0.119948187,0.059326425,0.033160622
Tunbridge Wells,48,Con,38,3,3,0,2,0,2,0,0,0,0,0,Conservative,E07000116,E,Tunbridge Wells,South East,79.14,45.11,0.211,0.149823119,4.9,20,565.6,0.239831697,0.036900369,0.526508227,0.043875686,0.427787934,0.340813464,0.095371669,69,10,280,0.074647887,0.037042254,0.021549296
Uttlesford,44,Con,34,0,7,0,0,0,3,0,0,0,0,0,Conservative,E07000077,E,Uttlesford,East,80.28,50.68,0.33,0.141157811,3.9,21,565.1,0.198019802,0.04950495,0.42195122,0.114634146,0.46097561,0.300990099,0.083168317,64,5,240,0.052793834,0.0238921,0.014065511
Vale of White Horse,51,Con,29,1,21,0,0,0,0,0,0,0,0,0,Conservative,E07000180,E,Vale of White Horse,South East,81.18,43.3,0.169,0.141609085,4,15,600.9,0.208222812,0.033500838,0.676328502,0.074074074,0.249597424,0.411140584,0.047745358,63,7,230,0.060766182,0.029722589,0.017173052
Warwick,46,Con,25,8,9,0,0,0,4,0,0,0,0,0,Conservative,E07000222,E,Warwick,West Midlands,79.22,41.22,0.126,0.154510055,3.7,18,571.6,0.175946548,0.022972973,0.538050734,0.132176235,0.317757009,0.4844098,0.050111359,69,8,250,0.068756999,0.036506159,0.020492721
Watford,36,LD,1,11,23,1,0,0,0,0,0,0,0,0,LibDem,E07000103,E,Watford,East,71.68,50.27,0.306,0.151138969,6.7,16,610.5,0.1,0.0335097,0.458259325,0.09946714,0.444049734,0.387301587,0.041269841,88,10,310,0.081134969,0.037883436,0.020398773
Waveney,48,NOC,23,22,0,1,0,0,2,0,0,0,0,0,Conservative,E07000206,E,Waveney,East,72.67,62.9,0.846,0.226334878,9.5,31,477.1,0.192424242,0.065789474,0.273584906,0.126415094,0.58490566,0.122727273,0.092424242,128,21,410,0.148998459,0.076271186,0.045300462
Waverley,57,Con,54,0,0,0,3,0,0,0,0,0,0,0,Conservative,E07000216,E,Waverley,South East,82.35,41.61,0.137,0.137589248,3.9,16,689.8,0.235294118,0.018315018,0.529010239,0.134812287,0.33447099,0.380952381,0.040616246,54,8,230,0.05963939,0.030097087,0.018723994
Wealden,55,Con,47,0,3,0,0,0,5,0,0,0,0,0,Conservative,E07000065,E,Wealden,South East,80.03,54.5,0.51,0.174858141,4,23,569.9,0.215175538,0.040345821,0.444755245,0.142657343,0.412587413,0.226500566,0.096262741,74,9,250,0.073903262,0.036445444,0.020697413
Wellingborough,36,Con,28,8,0,0,0,0,0,0,0,0,0,0,Conservative,E07000156,E,Wellingborough,East Midlands,75.46,62.42,0.825,0.192897712,8.6,31,499.5,0.206451613,NA,0.442359249,0.080428954,0.477211796,0.169892473,0.129032258,135,16,390,0.119480519,0.054329004,0.031601732
Welwyn Hatfield,48,Con,31,14,2,0,0,0,1,0,0,0,0,0,Conservative,E07000241,E,Welwyn Hatfield,East,75.04,52.99,0.42,0.151942824,5.3,20,577.2,0.245901639,0.043478261,0.476190476,0.111721612,0.413919414,0.289617486,0.058743169,79,10,270,0.080602883,0.037090433,0.020314548
West Devon,31,Con,18,0,3,0,0,0,10,0,0,0,0,0,Conservative,E07000047,E,West Devon,South West,81.26,53.2,0.428,0.194162792,6.1,27,475.7,0.157377049,0.050583658,0.5,0.121212121,0.371212121,0.340983607,NA,101,12,330,0.096805112,0.051757188,0.028753994
West Dorset,48,Con,32,0,11,0,0,0,5,0,0,0,0,0,Conservative,E07000052,E,West Dorset,South West,79.49,51.03,0.359,0.196989845,4.5,25,500.3,0.172413793,0.074561404,0.479915433,0.122621564,0.399577167,0.277676951,0.041742287,96,12,310,0.094485294,0.049264706,0.029779412
West Lancashire,54,NOC,27,27,0,0,0,0,0,0,0,0,0,0,Conservative,E07000127,E,West Lancashire,North West,74.47,55.31,0.542,0.196810769,8.1,26,503.5,0.294289898,0.043568465,0.342494715,0.071881607,0.583509514,0.245973646,0.10102489,108,14,350,0.114096916,0.057856094,0.034948605
West Lindsey,37,Con,22,2,10,0,0,0,3,0,0,0,0,0,Conservative,E07000142,E,West Lindsey,East Midlands,74.53,61.82,0.796,0.200358543,8,32,527.9,0.182971014,0.039823009,0.383947939,0.140997831,0.446854664,0.201086957,0.072463768,99,18,340,0.125539568,0.05647482,0.035971223
West Oxfordshire,49,Con,40,5,3,0,0,0,1,0,0,0,0,0,Conservative,E07000181,E,West Oxfordshire,South East,79.72,46.34,0.232,0.146565629,3.9,20,566.6,0.143712575,NA,0.499173554,0.130578512,0.366942149,0.356287425,0.095808383,66,6,250,0.059635812,0.029135053,0.016843703
West Somerset,28,Con,19,2,0,0,0,0,7,0,0,0,0,0,Conservative,E07000191,E,West Somerset,South West,79.17,60.59,0.756,0.22999279,6.6,49,512.7,0.155172414,NA,0.282051282,0.141025641,0.583333333,0.224137931,0.08045977,135,18,420,0.135502959,0.072781065,0.040828402
Weymouth and Portland,36,NOC,11,15,6,0,1,0,3,0,0,0,0,0,Labour,E07000053,E,Weymouth and Portland,South West,75.87,61.04,0.777,0.209799438,9.6,29,491.4,0.216358839,0.047138047,0.402777778,0.128472222,0.46875,0.116094987,0.050131926,117,21,430,0.154666667,0.083466667,0.0496
Winchester,57,NOC,28,3,24,0,0,0,2,0,0,0,0,0,Conservative,E07000094,E,Winchester,South East,81.26,41.07,0.124,0.140237575,3.8,17,647.8,0.128378378,NA,0.599697885,0.084592145,0.287009063,0.460810811,0.047297297,56,7,220,0.059809264,0.029700272,0.017302452
Woking,36,Con,23,1,11,0,0,0,1,0,0,0,0,0,Conservative,E07000217,E,Woking,South East,77.49,43.85,0.185,0.136565253,4.2,17,614.9,0.194968553,NA,0.554285714,0.091428571,0.352380952,0.369496855,0.037735849,68,9,270,0.069854133,0.033549433,0.01993517
Worcester,35,NOC,17,15,1,1,0,0,1,0,0,0,0,0,Conservative,E07000237,E,Worcester,West Midlands,73.85,53.68,0.449,0.176372914,7.2,26,524.1,0.157012195,0.036166365,0.452336449,0.074766355,0.472897196,0.265243902,0.099085366,101,14,320,0.104023845,0.053949329,0.030849478
Worthing,37,Con,24,0,12,0,0,0,1,0,0,0,0,0,Conservative,E07000229,E,Worthing,South East,75.46,52.99,0.42,0.196779434,6.9,27,522.3,0.219968799,0.025948104,0.388235294,0.166666667,0.445098039,0.257410296,0.042121685,95,15,360,0.10851735,0.058990536,0.034227129
Wychavon,45,Con,38,1,5,0,0,0,1,0,0,0,0,0,Conservative,E07000238,E,Wychavon,West Midlands,80.88,57.86,0.645,0.180351279,4.8,32,522.2,0.189631651,0.018549747,0.452495974,0.140096618,0.400966184,0.245566166,0.107776262,81,11,280,0.082853224,0.041426612,0.024554184
Wycombe,60,Con,42,6,9,0,1,0,2,0,0,0,0,0,Conservative,E07000007,E,Wycombe,South East,75.74,48.03,0.261,0.142387733,5.2,20,611.3,0.138181818,0.073839662,0.510845987,0.091106291,0.395878525,0.391818182,0.051818182,74,7,280,0.071285324,0.030811304,0.018960802
Wyre,55,Con,40,15,0,0,0,0,0,0,0,0,0,0,Conservative,E07000128,E,Wyre,North West,74.61,63.77,0.867,0.231315372,7.2,27,494,0.282296651,NA,0.4360587,0.083857442,0.450733753,0.223285486,0.062200957,113,16,370,0.120930233,0.065271318,0.04248062
Wyre Forest,42,NOC,15,10,0,0,5,1,11,0,0,0,0,0,Conservative,E07000239,E,Wyre Forest,West Midlands,74.05,63.15,0.854,0.211931615,7.6,31,500.2,0.231932773,0.06345733,0.439189189,0.126126126,0.436936937,0.218487395,0.146218487,115,16,370,0.123777403,0.066104553,0.03608769
Barking and Dagenham,51,Lab,0,51,0,0,0,0,0,0,0,0,0,0,Labour,E09000002,E,Barking and Dagenham,London,63.85,62.44,0.828,0.190263083,13,32,534.5,0.26192401,0.108315098,0.263285024,0.141304348,0.589371981,0.253839935,0.112368634,169,14,540,0.140685892,0.061262666,0.031722525
Barnet,63,Con,32,30,1,0,0,0,0,0,0,0,0,0,Conservative,E09000003,E,Barnet,London,72.14,37.77,0.076,0.155519577,7.6,26,629.8,0.248444629,0.087796797,0.561714286,0.068571429,0.369714286,0.437992534,0.051845707,88,10,370,0.082983023,0.039773646,0.022675829
Bexley,63,Con,45,15,0,0,3,0,0,0,0,0,0,0,Conservative,E09000004,E,Bexley,London,75.28,62.95,0.849,0.173398794,8.3,25,612.7,0.187752355,0.075456053,0.413157895,0.125438596,0.459649123,0.243606999,0.107671602,94,11,350,0.097171053,0.041578947,0.022763158
Brent,63,Lab,6,56,1,0,0,0,0,0,0,0,0,0,Labour,E09000005,E,Brent,London,65.14,40.26,0.113,0.171428112,13.2,35,551.4,0.248874887,0.075494308,0.423293676,0.09517846,0.470882905,0.385238524,0.062106211,116,14,550,0.107432741,0.04879161,0.02754218
Bromley,60,Con,51,7,0,0,2,0,0,0,0,0,0,0,Conservative,E09000006,E,Bromley,London,78.87,49.35,0.293,0.15779335,7.4,19,681,0.203235592,0.055837563,0.580665813,0.079385403,0.330985915,0.408998989,0.042467139,76,9,310,0.085714286,0.03859127,0.021974206
Camden,54,Lab,12,40,1,1,0,0,0,0,0,0,0,0,Labour,E09000007,E,Camden,London,65.52,25.06,0.015,0.160262869,8.8,21,719.8,0.279783394,0.040066778,0.697247706,0.050041701,0.251042535,0.558965102,0.061371841,68,16,370,0.107080164,0.058045641,0.034698654
Croydon,70,Lab,30,40,0,0,0,0,0,0,0,0,0,0,Labour,E09000008,E,Croydon,London,69.81,45.71,0.224,0.165557629,10.1,25,602.8,0.211936663,0.042268041,0.456533056,0.10619469,0.430504945,0.317904994,0.069833536,117,11,450,0.111645774,0.048321876,0.02672867
Ealing,69,Lab,12,53,4,0,0,0,0,0,0,0,0,0,Labour,E09000009,E,Ealing,London,70.08,39.6,0.1,0.163546059,9.8,26,562.2,0.227722772,0.059052925,0.471395881,0.094393593,0.428489703,0.396470082,0.0912613,105,11,440,0.105747126,0.049071618,0.028293546
Enfield,63,Lab,22,41,0,0,0,0,0,0,0,0,0,0,Labour,E09000010,E,Enfield,London,69.09,44.18,0.19,0.18152695,12,31,564,0.243761996,0.034920635,0.426441996,0.096565133,0.476344783,0.3378119,0.04462572,142,13,530,0.12141844,0.055460993,0.029834515
Greenwich,51,Lab,8,43,0,0,0,0,0,0,0,0,0,0,Labour,E09000011,E,Greenwich,London,69.52,44.41,0.193,0.169081974,12.5,24,601,0.215827338,0.080451658,0.44754717,0.092075472,0.449056604,0.346430548,0.106253459,114,16,390,0.125285481,0.056824361,0.030831974
Hackney,58,Lab,4,51,3,0,0,0,0,0,0,0,0,0,Labour,E09000012,E,Hackney,London,65.18,21.52,0.002,0.17106834,14.5,24,603.4,0.267057569,0.058224163,0.579467681,0.07148289,0.345247148,0.42217484,0.107675906,126,16,510,0.132733813,0.066906475,0.036998972
Hammersmith and Fulham,46,Lab,20,26,0,0,0,0,0,0,0,0,0,0,Labour,E09000013,E,Hammersmith and Fulham,London,69.95,29.98,0.034,0.14292603,10.3,19,686.1,0.185242121,0.048113208,0.671511628,0.034883721,0.284883721,0.59415834,0.049192929,69,14,340,0.106724684,0.056091772,0.033306962
Haringey,57,Lab,0,48,9,0,0,0,0,0,0,0,0,0,Labour,E09000014,E,Haringey,London,70.64,24.43,0.005,0.168182139,14,32,576.6,0.24365208,0.057815846,0.517317612,0.103168755,0.369196758,0.437061048,0.088060508,116,14,490,0.121827676,0.059843342,0.03305483
Harrow,63,Lab,26,34,1,0,0,0,2,0,0,0,0,0,Labour,E09000015,E,Harrow,London,72.26,45.37,0.214,0.164212569,7.6,25,625.7,0.224387178,0.047001621,0.486820428,0.093080725,0.415980231,0.407291012,0.041483344,90,9,380,0.079773869,0.035741206,0.020288945
Havering,54,NOC,22,1,0,0,7,0,24,0,0,0,0,0,Independent,E09000016,E,Havering,London,76.02,69.66,0.97,0.184304816,8.8,23,626.3,0.19258769,0.052459016,0.423757372,0.110362258,0.463352991,0.195896757,0.104566512,96,9,340,0.098132646,0.040115905,0.020862846
Hillingdon,65,Con,42,23,0,0,0,0,0,0,0,0,0,0,Conservative,E09000017,E,Hillingdon,London,68.99,56.37,0.574,0.159387594,8.2,27,605.5,0.222511725,0.058271936,0.407740152,0.08569454,0.503800968,0.310578426,0.086503387,95,10,360,0.088743059,0.040181726,0.021201413
Hounslow,60,Lab,11,48,0,0,0,0,1,0,0,0,0,0,Labour,E09000018,E,Hounslow,London,69.8,48.94,0.283,0.159282871,8.8,30,565.7,0.223322332,0.043909348,0.474248927,0.077968526,0.446351931,0.371837184,0.064356436,102,10,360,0.093629874,0.043602416,0.023997803
Islington,48,Lab,0,47,0,1,0,0,0,0,0,0,0,0,Labour,E09000019,E,Islington,London,70.39,24.78,0.01,0.176383263,12.8,15,670.8,0.238242574,0.046341463,0.664172901,0.036575229,0.286783042,0.561262376,0.061881188,85,18,380,0.131791222,0.070640569,0.043179122
Kensington and Chelsea,50,Con,37,12,1,0,0,0,0,0,0,0,0,0,Conservative,E09000020,E,Kensington and Chelsea,London,65.99,31.31,0.044,0.136754723,8.3,19,762.8,0.285714286,0.044213264,0.766666667,0.028205128,0.193589744,0.586270872,0.051948052,46,13,470,0.090867159,0.05,0.031365314
Kingston upon Thames,48,Con,28,2,18,0,0,0,0,0,0,0,0,0,Conservative,E09000021,E,Kingston upon Thames,London,78.4,38.39,0.089,0.138260652,5.2,19,701.9,0.220627803,0.046029919,0.541327125,0.057043073,0.399301513,0.429596413,0.058295964,60,8,270,0.064930556,0.031076389,0.018489583
Lambeth,63,Lab,3,59,0,1,0,0,0,0,0,0,0,0,Labour,E09000022,E,Lambeth,London,67.44,21.38,0,0.150036623,11.6,24,621.5,0.164685908,0.06046748,0.656826568,0.022140221,0.319451766,0.587011885,0.061544992,96,13,380,0.109579342,0.05093711,0.028113286
Lewisham,54,Lab,0,53,0,1,0,0,0,0,0,0,0,0,Labour,E09000023,E,Lewisham,London,63.1,30.14,0.037,0.168936332,11.9,25,606.4,0.193516209,0.058714462,0.528580604,0.061657033,0.402697495,0.465835411,0.057855362,115,15,470,0.124219125,0.056415185,0.03056223
Merton,60,Lab,20,36,1,0,0,0,3,0,0,0,0,0,Labour,E09000024,E,Merton,London,73.49,37.06,0.071,0.143740642,6.4,21,622.4,0.174351585,0.045375218,0.586330935,0.075539568,0.327338129,0.492795389,0.046829971,89,9,330,0.079767103,0.035007278,0.019577875
Newham,60,Lab,0,60,0,0,0,0,0,0,0,0,0,0,Labour,E09000025,E,Newham,London,59.25,47.16,0.248,0.169378929,14.6,40,505.5,0.271216098,0.091891892,0.339920949,0.09486166,0.558629776,0.351706037,0.10936133,143,11,440,0.111929371,0.051248923,0.02704565
Redbridge,63,Lab,25,35,3,0,0,0,0,0,0,0,0,0,Labour,E09000026,E,Redbridge,London,67.63,46.03,0.227,0.168996666,8.3,25,652.5,0.255813953,0.081676136,0.46577381,0.084077381,0.444196429,0.390063425,0.101479915,104,8,380,0.086635707,0.036687307,0.01996904
Richmond upon Thames,54,Con,39,0,15,0,0,0,0,0,0,0,0,0,Conservative,E09000027,E,Richmond upon Thames,London,82.09,30.71,0.039,0.121316648,5.1,13,744.2,0.171544715,0.039215686,0.721679688,0.044921875,0.224609375,0.615447154,0.031707317,47,7,250,0.060337892,0.029686243,0.016251006
Southwark,63,Lab,1,48,14,0,0,0,0,0,0,0,0,0,Labour,E09000028,E,Southwark,London,66.2,27.19,0.026,0.152887961,10.7,26,644.2,0.19441903,0.078887628,0.564981949,0.055354994,0.374247894,0.504574565,0.075480329,102,14,360,0.117315436,0.056510067,0.030961969
Sutton,54,LD,9,0,45,0,0,0,0,0,0,0,0,0,LibDem,E09000029,E,Sutton,London,76.01,53.72,0.455,0.157326475,7,22,605.9,0.1734375,0.054820416,0.467695275,0.108003857,0.422372228,0.3296875,0.04296875,90,10,330,0.081951975,0.037412858,0.021378776
Tower Hamlets,45,NOC,5,23,0,0,0,0,17,0,0,0,0,0,Labour,E09000030,E,Tower Hamlets,London,64.6,32.54,0.052,0.166940841,12,22,453.1,0.224257426,0.092533504,0.52994429,0.054317549,0.417130919,0.405445545,0.09950495,111,12,380,0.113527239,0.052862419,0.030009234
Waltham Forest,60,Lab,16,44,0,0,0,0,0,0,0,0,0,0,Labour,E09000031,E,Waltham Forest,London,66.69,40.9,0.119,0.172868046,12.7,31,546.1,0.227000544,0.054225352,0.470848708,0.118819188,0.406642066,0.360370169,0.115405553,123,11,430,0.10739726,0.048876712,0.026136986
Wandsworth,60,Con,41,19,0,0,0,0,0,0,0,0,0,0,Conservative,E09000032,E,Wandsworth,London,71.98,24.97,0.013,0.126588381,6.6,15,718.5,0.166011359,0.055526454,0.666486486,0.041081081,0.288108108,0.605067715,0.042813456,65,9,340,0.077441962,0.037144109,0.021287779
Westminster,60,Con,44,16,0,0,0,0,0,0,0,0,0,0,Conservative,E09000033,E,Westminster,London,64.99,31.03,0.042,NA,8.3,18,764.4,0.278488726,0.091216216,0.655664585,0.045495094,0.2970562,0.5984156,0.045094455,56,14,680,0.09853972,0.053154206,0.03271028
Aberdeen,43,NOC,2,17,5,0,0,0,3,0,16,0,0,0,Labour,S12000033,S,Aberdeen City,Scotland,67.94,38.9,0.092,0.143249563,6.4,23,562.4,0.198730159,0.038034865,0.44497992,0.102811245,0.448192771,0.336507937,0.053333333,58,18,210,0.091896985,0.050062814,0.03008794
Aberdeenshire,68,NOC,13,2,11,1,0,0,13,0,28,0,0,0,SNP,S12000034,S,Aberdeenshire,Scotland,70.63,44.99,0.206,0.130745178,4.2,22,574.9,0.174496644,0.023651146,0.444121916,0.153846154,0.396226415,0.283099451,0.043319097,54,12,210,0.074984967,0.038604931,0.023391461
Angus,29,SNP,4,1,1,0,0,0,9,0,14,0,0,0,SNP,S12000041,S,Angus,Scotland,68.03,44.74,0.198,0.159038783,7.6,27,525.4,0.211267606,0.064285714,0.417883212,0.127737226,0.454379562,0.236619718,0.098591549,93,18,300,0.119519095,0.060537482,0.035360679
Argyll and Bute,36,Ind,3,1,4,0,0,0,20,0,8,0,0,0,Independent,S12000035,S,Argyll and Bute,Scotland,73.13,39.43,0.097,0.176712111,7.4,31,495.9,0.202453988,0.051413882,0.410126582,0.134177215,0.453164557,0.237218814,0.098159509,90,18,320,0.126388889,0.06765873,0.044246032
Clackmannanshire,18,NOC,1,8,0,0,0,0,1,0,8,0,0,0,Labour,S12000005,S,Clackmannanshire,Scotland,67.23,42.22,0.156,0.183760351,13,32,546.7,0.24382716,0.040983607,0.344262295,0.139344262,0.524590164,0.188271605,0.083333333,107,32,370,0.165,0.093125,0.0565625
Dumfries and Galloway,47,NOC,14,15,0,0,0,0,8,0,10,0,0,0,Labour,S12000006,S,Dumfries and Galloway,Scotland,71.41,46.94,0.24,0.194727869,9.1,32,463.1,0.201773836,0.054166667,0.312586445,0.170124481,0.513139696,0.189578714,0.105321508,116,16,340,0.134340045,0.074161074,0.047762864
Dundee,29,SNP,1,10,1,0,0,0,1,0,16,0,0,0,SNP,S12000042,S,Dundee City,Scotland,62.92,40.22,0.111,0.183121927,13.3,27,463.3,0.303092784,0.093195266,0.331753555,0.104265403,0.560821485,0.251546392,0.104123711,114,34,390,0.176082474,0.09556701,0.056804124
East Ayrshire,32,NOC,2,14,0,0,0,0,1,0,15,0,0,0,SNP,S12000008,S,East Ayrshire,Scotland,62.91,41.4,0.129,0.2030676,12.6,26,523.9,0.245795602,0.077319588,0.376363636,0.130909091,0.481818182,0.203104787,0.155239327,119,29,380,0.17785059,0.086500655,0.053079948
East Dunbartonshire,24,NOC,2,9,3,0,0,0,2,0,8,0,0,0,Labour,S12000045,S,East Dunbartonshire,Scotland,75.17,28.6,0.029,0.151086398,6.6,15,617.5,0.21785174,0.042553191,0.60515873,0.047619048,0.343253968,0.394856278,0.054462935,65,14,250,0.092889561,0.049016641,0.031770045
East Lothian,23,NOC,3,10,0,0,0,0,2,0,8,0,0,0,Labour,S12000010,S,East Lothian,Scotland,71.73,35.4,0.06,0.16054434,7.5,22,558.1,0.20355412,0.05465587,0.440993789,0.115942029,0.438923395,0.277867528,0.059773829,94,20,310,0.111556982,0.059390048,0.036918138
East Renfrewshire,20,NOC,6,8,0,0,0,0,2,0,4,0,0,0,Labour,S12000011,S,East Renfrewshire,Scotland,76.13,25.68,0.021,0.144224612,6.2,15,668.6,0.222621185,0.03926097,0.588785047,0.051401869,0.359813084,0.400359066,0.053859964,70,13,260,0.091858407,0.046725664,0.029911504
Edinburgh,58,NOC,11,20,3,6,0,0,1,0,17,0,0,0,Labour,S12000036,S,City of Edinburgh,Scotland,72.96,25.56,0.018,0.138827928,7.2,19,554.2,0.236248873,0.054702873,0.533333333,0.054065041,0.409756098,0.477607454,0.051698227,70,20,280,0.09780285,0.056205463,0.034530879
Eilean Siar (Outer Hebrides),31,Ind,0,2,0,0,0,0,23,0,6,0,0,0,Independent,S12000013,S,Comhairlie nan Eilean Siar,Scotland,70.18,44.76,0.201,0.182921543,6.8,12,495.8,0.18404908,0.045112782,0.444444444,0.118518519,0.437037037,0.257668712,0.055214724,77,18,270,0.114465409,0.059748428,0.03836478
Falkirk,32,NOC,2,14,0,0,0,0,3,0,13,0,0,0,Labour,S12000014,S,Falkirk,Scotland,67.55,43.24,0.166,0.182312969,10.5,23,514.1,0.206175299,0.063989962,0.416557162,0.110381078,0.467805519,0.205179283,0.10059761,97,24,320,0.136236236,0.074874875,0.045645646
Fife,78,NOC,3,33,10,0,0,0,5,0,27,0,0,0,Labour,S12000015,S,Fife,Scotland,66.78,41.41,0.132,0.181564521,10.1,24,517.5,0.208642514,0.073359073,0.385236448,0.133794694,0.47289504,0.218681798,0.073330423,110,26,340,0.145024112,0.073651907,0.043971942
Glasgow,79,Lab,1,45,1,4,0,0,0,0,28,0,0,0,Labour,S12000046,S,Glasgow City,Scotland,56.25,33.41,0.055,0.225225666,14.9,27,515.8,0.272772033,0.085279188,0.454413367,0.095532147,0.446422085,0.326440177,0.129739045,121,42,410,0.200903541,0.118192918,0.077802198
Highland,80,NOC,0,8,11,0,0,0,40,0,21,0,0,0,Independent,S12000017,S,Highland,Scotland,71.61,44.05,0.187,0.159805628,8.1,27,488.9,0.158807212,0.036273702,0.344182262,0.138323841,0.515866558,0.223300971,0.077669903,90,18,290,0.114456982,0.061777151,0.03899859
Inverclyde,20,NOC,1,9,2,0,0,0,2,0,6,0,0,0,Labour,S12000018,S,Inverclyde,Scotland,66.05,36.2,0.063,0.211511321,14.6,26,518.9,0.259405941,0.085561497,0.393678161,0.074712644,0.525862069,0.211881188,0.132673267,122,32,410,0.197987928,0.112072435,0.069617706
Midlothian,18,NOC,0,8,0,1,0,0,1,0,8,0,0,0,Labour,S12000019,S,Midlothian,Scotland,68.15,37.94,0.079,0.170964213,9.4,20,497.4,0.215500945,0.043373494,0.383863081,0.122249389,0.491442543,0.253308129,0.079395085,106,23,330,0.130740741,0.07,0.040555556
Moray,26,NOC,3,2,0,0,0,0,10,0,11,0,0,0,SNP,S12000020,S,Moray,Scotland,67.45,49.87,0.304,0.150168819,6.5,31,490.7,0.234875445,0.041860465,0.327146172,0.162412993,0.505800464,0.133451957,0.115658363,77,15,250,0.103287197,0.053460208,0.0316609
North Ayrshire,30,NOC,1,11,0,0,0,0,6,0,12,0,0,0,SNP,S12000021,S,North Ayrshire,Scotland,64.59,43.12,0.164,0.207063541,13.9,21,479.8,0.280805687,0.108731466,0.342293907,0.116487455,0.534050179,0.144549763,0.119668246,128,30,410,0.189555822,0.096758703,0.058583433
North Lanarkshire,70,Lab,0,41,0,0,0,0,6,0,23,0,0,0,Labour,S12000044,S,North Lanarkshire,Scotland,60.91,38.34,0.087,0.208449428,12.6,22,511,0.228778938,0.072984108,0.321760694,0.109733416,0.563546187,0.169314571,0.131184748,114,29,370,0.167795059,0.092268984,0.056450137
Orkney,21,Ind,0,0,0,0,0,0,21,0,0,0,0,0,Independent,S12000023,S,Orkney Islands,Scotland,68.45,36.84,0.066,0.135369338,4.3,NA,505.2,0.106870229,NA,0.32231405,0.123966942,0.537190083,0.114503817,0.053435115,80,12,250,0.090769231,0.051538462,0.033076923
Perth and Kinross,41,NOC,10,4,5,0,0,0,4,0,18,0,0,0,SNP,S12000024,S,Perth and Kinross,Scotland,73.75,38.91,0.095,0.146394185,6,26,516.9,0.169453735,0.048322148,0.411290323,0.142473118,0.444892473,0.303232999,0.061315496,93,17,290,0.103125,0.055580357,0.033482143
Renfrewshire,40,Lab,1,22,1,0,0,0,1,0,15,0,0,0,Labour,S12000038,S,Renfrewshire,Scotland,69.29,35.19,0.058,0.193107234,12.2,23,534,0.217158177,0.054794521,0.434782609,0.071680376,0.485311398,0.252010724,0.100983021,111,24,360,0.154618834,0.084304933,0.049865471
Scottish Borders,34,NOC,9,0,6,0,0,0,10,0,9,0,0,0,Independent,S12000026,S,Scottish Borders,Scotland,73.44,41.53,0.134,0.159041012,7.3,23,502.5,0.202941176,0.044280443,0.411978221,0.150635209,0.433756806,0.258823529,0.069117647,95,19,300,0.110830861,0.061424332,0.036053412
Shetland,22,Ind,0,0,0,0,0,0,22,0,0,0,0,0,Independent,S12000027,S,Shetland Islands,Scotland,70.39,43.49,0.174,0.143609444,4.6,15,592,0.124137931,NA,0.340909091,0.227272727,0.446969697,0.227586207,NA,46,11,200,0.076388889,0.044444444,0.028472222
South Ayrshire,30,NOC,10,9,0,0,0,0,2,0,9,0,0,0,Conservative,S12000028,S,South Ayrshire,Scotland,69.84,41.04,0.121,0.190418355,10,25,556.3,0.219117647,0.058380414,0.418426104,0.122840691,0.452975048,0.247058824,0.095588235,101,24,350,0.151857355,0.079197623,0.049331352
South Lanarkshire,67,Lab,3,37,1,0,0,0,4,0,20,2,0,0,Labour,S12000029,S,South Lanarkshire,Scotland,65.35,36.92,0.068,0.195800274,10.9,21,531.1,0.200789344,0.045650833,0.375707992,0.105726872,0.513530522,0.22200296,0.091267884,103,25,340,0.150891089,0.082128713,0.050643564
Stirling,22,NOC,4,8,0,1,0,0,0,0,9,0,0,0,SNP,S12000030,S,Stirling,Scotland,74.03,32.28,0.05,0.152714218,7.7,19,511.5,0.258347979,0.049763033,0.487922705,0.099033816,0.405797101,0.344463972,0.086115993,72,20,260,0.107368421,0.060877193,0.038070175
West Dunbartonshire,22,Lab,0,12,0,0,0,0,4,0,6,0,0,0,Labour,S12000039,S,West Dunbartonshire,Scotland,63.98,38.01,0.082,0.221814374,15.1,20,500.3,0.259450172,0.069605568,0.330882353,0.102941176,0.558823529,0.147766323,0.142611684,120,31,390,0.194938918,0.102617801,0.062478185
West Lothian,33,NOC,1,16,0,0,0,0,1,0,15,0,0,0,Labour,S12000040,S,West Lothian,Scotland,67.64,41.75,0.14,0.168943227,9.5,22,498.3,0.211621856,0.06938326,0.404181185,0.098722416,0.491289199,0.232437121,0.071986123,107,25,350,0.134114583,0.07421875,0.045138889
Bath & North East Somerset,65,Con,37,6,15,2,0,0,5,0,0,0,0,0,Conservative,E06000022,E,Bath and North East Somerset,South West,77.13,42.15,0.153,0.160695619,5.1,25,522.3,0.201591512,0.042081949,0.534729879,0.094818082,0.37045204,0.403183024,0.025641026,72,10,270,0.074892148,0.037704918,0.021311475
Bedford,41,NOC,15,14,10,0,0,0,0,0,0,0,0,0,Conservative,E06000055,E,Bedford,East,72.06,51.78,0.388,0.171172029,7.7,24,553.2,0.164801628,0.058394161,0.450563204,0.107634543,0.441802253,0.302136317,0.078331638,82,9,280,0.106686627,0.04750499,0.027145709
Blackburn with Darwen,64,Lab,14,45,5,0,0,0,0,0,0,0,0,0,Labour,E06000008,E,Blackburn with Darwen,North West,65.33,56.34,0.571,0.213493888,13.4,34,413,0.298813376,0.075384615,0.353420195,0.104234528,0.535830619,0.180151025,0.145631068,173,30,510,0.177912088,0.094615385,0.060989011
Blackpool,42,Lab,13,28,1,0,0,0,0,0,0,0,0,0,Labour,E06000009,E,Blackpool,North West,65.42,67.46,0.931,0.263562454,16.7,45,392.4,0.227803738,0.067975831,0.333333333,0.128930818,0.536163522,0.144859813,0.103971963,176,34,720,0.227001195,0.127359618,0.079569892
Bournemouth,54,Con,46,3,2,0,0,0,0,0,0,0,0,0,Conservative,E06000028,E,Bournemouth,South West,69.3,54.88,0.529,0.192249211,8.9,28,481.3,0.260697306,0.031082529,0.424892704,0.091201717,0.479613734,0.273375594,0.061014263,93,18,380,0.112715856,0.066483516,0.038618524
Bracknell Forest,42,Con,40,2,0,0,0,0,0,0,0,0,0,0,Conservative,E06000036,E,Bracknell Forest,South East,76.11,53.94,0.47,0.133130162,4.9,17,586.4,0.146437995,0.023183926,0.510769231,0.096923077,0.389230769,0.290237467,0.040897098,65,7,250,0.066319896,0.031079324,0.017035111
Brighton and Hove,54,NOC,18,13,0,23,0,0,0,0,0,0,0,0,Green,E06000043,E,Brighton and Hove,South East,74.05,31.38,0.047,0.170926477,8.4,20,546.6,0.2342711,0.064128257,0.568545581,0.065414057,0.362560891,0.403580563,0.055754476,80,17,410,0.110362173,0.062173038,0.038480885
Bristol,70,NOC,14,28,23,4,0,0,0,0,0,0,0,0,Labour,E06000023,E,"Bristol, City of",South West,73.17,38.27,0.084,0.177302596,8.8,23,508,0.195710456,0.051666667,0.51975945,0.082474227,0.390893471,0.408847185,0.058981233,94,17,340,0.122072811,0.063397835,0.034896687
Central Bedfordshire,59,Con,48,1,5,0,0,0,0,0,0,0,0,0,Conservative,E06000056,E,Central Bedfordshire,East,77.89,56.13,0.563,0.153321199,5.6,21,574.8,0.186910377,0.023205221,0.504652827,0.140300644,0.354330709,0.273584906,0.068985849,105,12,330,0.073684211,0.033352403,0.018878719
Cheshire East,82,Con,51,16,4,0,1,0,0,0,0,0,0,0,Conservative,E06000049,E,Cheshire East,North West,77.36,51.18,0.367,0.176877126,6,26,536.6,0.223463687,0.033757609,0.492635025,0.094380797,0.410801964,0.274602492,0.084228621,109,16,340,0.083333333,0.04343832,0.027515311
Cheshire West and Chester,75,Lab,36,38,0,0,0,0,0,0,0,0,0,0,Labour,E06000050,E,Cheshire West and Chester,North West,74.51,50.68,0.33,0.184655712,8.1,26,527.8,0.231933594,0.041322314,0.469871795,0.08974359,0.439102564,0.321777344,0.072753906,84,11,290,0.105813385,0.055153884,0.035417684
Cornwall,123,NOC,31,8,36,1,6,0,0,0,0,0,0,0,LibDem,E06000052,E,Cornwall (Census inc Isles of Scilly),South West,77.05,56.52,0.587,0.211750361,7.7,36,443.2,0.214374226,0.054000788,0.370035391,0.156114825,0.469130948,0.203531599,0.059479554,90,12,280,0.126160075,0.064185612,0.03540953
Darlington,53,Lab,15,33,5,0,0,0,0,0,0,0,0,0,Labour,E06000005,E,Darlington,North East,71.07,56.18,0.568,0.201953317,11.2,27,484,0.222734255,0.065217391,0.405737705,0.098360656,0.489754098,0.211981567,0.084485407,133,17,430,0.150390016,0.069110764,0.037285491
Derby,51,Lab,14,28,9,0,0,0,0,0,0,0,0,0,Labour,E06000015,E,Derby,East Midlands,70.53,57.22,0.624,0.200420499,10.7,28,518.4,0.206011271,0.077287066,0.417637271,0.099001664,0.470881864,0.244834064,0.080776456,132,21,410,0.135821832,0.069196989,0.040652447
Durham,126,Lab,4,94,9,0,0,0,0,0,0,0,0,0,Labour,E06000047,E,County Durham,North East,68.69,57.55,0.634,0.242195689,11.4,27,480.7,0.268665851,0.078661088,0.393859649,0.120614035,0.46754386,0.203182375,0.13127295,119,23,400,0.162134728,0.084866195,0.048877269
East Riding of Yorkshire,67,Con,49,6,3,0,1,0,0,0,0,0,0,0,Conservative,E06000011,E,East Riding of Yorkshire,Yorkshire and The Humber,74.81,60.4,0.753,0.198447539,5.9,29,501.1,0.200693756,0.045257285,0.422413793,0.128078818,0.447660099,0.232408325,0.076313181,95,11,320,0.099146158,0.04766449,0.027724761
Halton,56,Lab,2,50,4,0,0,0,0,0,0,0,0,0,Labour,E06000006,E,Halton,North West,68.26,57.42,0.632,0.217653047,14.4,31,484.7,0.206030151,0.049050633,0.331168831,0.121753247,0.543831169,0.144472362,0.090452261,137,24,460,0.168908629,0.088451777,0.056091371
Hartlepool,33,Lab,3,21,0,0,0,0,0,0,0,0,0,0,Labour,E06000001,E,Hartlepool,North East,65.59,69.57,0.968,0.240089973,16.7,32,495.2,0.285714286,0.101204819,0.343832021,0.146981627,0.50656168,0.151462995,0.118760757,143,28,520,0.204159445,0.096880416,0.051646447
Herefordshire,58,Con,30,1,3,1,0,0,0,0,0,0,0,0,Conservative,E06000019,E,"Herefordshire, County of",West Midlands,78.36,59.22,0.714,0.191353685,5.7,33,459,0.188405797,0.039106145,0.411956522,0.145652174,0.434782609,0.240942029,0.093297101,100,12,310,0.093231047,0.052075812,0.030054152
Hull,59,Lab,2,39,17,0,0,0,0,0,0,0,0,0,Labour,E06000010,E,"Kingston upon Hull, City of",Yorkshire and The Humber,62.94,67.62,0.939,0.219491744,13.7,36,445.9,0.269230769,0.085089141,0.274543875,0.12858384,0.584708949,0.160946746,0.124260355,160,23,500,0.195597858,0.09220702,0.049375372
Isle of Wight,40,NOC,15,2,1,0,2,0,0,0,0,0,0,0,Conservative,E06000046,E,Isle of Wight,South East,72.31,61.95,0.798,0.226601092,8.8,29,479.1,0.240051348,0.050590219,0.388059701,0.137645108,0.464344942,0.188703466,0.066752246,124,18,440,0.153856209,0.075294118,0.046143791
Leicester,54,Lab,1,50,1,0,0,0,0,0,0,0,0,0,Labour,E06000016,E,Leicester,East Midlands,65.15,48.92,0.277,0.19457978,11.9,38,421.8,0.31064958,0.093589744,0.361454047,0.083676269,0.54526749,0.224922669,0.127706584,158,20,440,0.139982387,0.070101277,0.040466755
Luton,48,Lab,4,36,8,0,0,0,0,0,0,0,0,0,Labour,E06000032,E,Luton,East,66.31,56.55,0.589,0.17369009,9.7,31,495.1,0.278545455,0.061553986,0.34207765,0.120671563,0.537250787,0.226909091,0.147636364,141,15,400,0.117372577,0.052476669,0.028930366
Medway,55,Con,35,15,3,0,0,0,0,0,0,0,0,0,Conservative,E06000035,E,Medway,South East,72.18,64.08,0.878,0.180293644,9.4,23,553.7,0.231075697,0.091783864,0.386918834,0.12608353,0.486209614,0.175298805,0.081957883,110,15,390,0.126158192,0.052485876,0.030621469
Middlesbrough,48,Lab,4,30,1,1,0,0,0,0,0,0,0,0,Labour,E06000002,E,Middlesbrough,North East,64.89,65.48,0.899,0.218637112,16.1,38,467.6,0.277715566,0.120930233,0.344234079,0.103270224,0.549053356,0.191489362,0.116461366,158,27,550,0.223172103,0.100899888,0.052980877
Milton Keynes,51,NOC,19,16,15,0,1,0,0,0,0,0,0,0,Conservative,E06000042,E,Milton Keynes,South East,73.66,51.41,0.373,0.149573388,8.2,21,533.6,0.187162567,0.050184502,0.435839028,0.083523159,0.476082005,0.26214757,0.089382124,107,12,380,0.096543504,0.04636472,0.028307509
North East Lincolnshire,44,NOC,11,24,4,0,3,0,0,0,0,0,0,0,Labour,E06000012,E,North East Lincolnshire,Yorkshire and The Humber,67.94,69.87,0.976,0.209496542,12.1,38,448.7,0.228542914,0.080206986,0.309065934,0.134615385,0.549450549,0.141716567,0.110778443,142,18,470,0.161818182,0.071717172,0.039494949
North Lincolnshire,43,Con,23,20,0,0,0,0,0,0,0,0,0,0,Conservative,E06000013,E,North Lincolnshire,Yorkshire and The Humber,71.92,66.3,0.912,0.205015348,9.3,31,539.4,0.252621544,0.040816327,0.340996169,0.132822478,0.521072797,0.181124881,0.081029552,109,13,350,0.125554484,0.056894889,0.031629701
North Somerset,61,Con,42,5,6,1,0,0,0,0,0,0,0,0,Conservative,E06000024,E,North Somerset,South West,77.47,52.17,0.399,0.189212405,6.7,22,551.8,0.183841715,0.035317861,0.492943548,0.08266129,0.425403226,0.284418796,0.036273702,97,17,360,0.103327922,0.058522727,0.034334416
Northumberland,67,NOC,21,32,11,0,0,0,0,0,0,0,0,0,Labour,E06000057,E,Northumberland,North East,74.35,54.11,0.478,0.217006088,9.5,26,479.6,0.213131839,0.056953642,0.380632145,0.125756557,0.490921318,0.22303283,0.089630016,77,9,270,0.135601266,0.062447257,0.036445148
Nottingham,55,Lab,4,51,0,0,0,0,0,0,0,0,0,0,Labour,E06000018,E,Nottingham,East Midlands,61.82,50.84,0.341,0.200569223,11.5,35,435,0.291375291,0.091447368,0.396984925,0.089734386,0.502512563,0.264801865,0.123543124,133,23,430,0.161766066,0.075774387,0.044845123
Peterborough,57,NOC,27,12,4,0,4,0,10,0,0,0,0,0,Conservative,E06000031,E,Peterborough,East,72.35,60.89,0.772,0.184407861,11.5,30,460.6,0.209531635,0.054054054,0.347266881,0.096463023,0.555198285,0.17419885,0.091207888,166,19,460,0.129654036,0.066803954,0.039538715
Plymouth,57,Lab,26,31,0,0,0,0,0,0,0,0,0,0,Labour,E06000026,E,Plymouth,South West,71.41,59.94,0.73,0.204583749,9.8,26,485.8,0.213134328,0.062974203,0.35256917,0.137549407,0.507509881,0.216119403,0.060895522,113,21,400,0.15056313,0.075281565,0.041908714
Poole,42,NOC,20,0,18,0,0,0,0,0,0,0,0,0,Conservative,E06000029,E,Poole,South West,75.38,58.17,0.658,0.186054387,6,26,500.2,0.200665188,0.034674064,0.452908587,0.108033241,0.434903047,0.272727273,0.058758315,96,11,330,0.094475138,0.047624309,0.02718232
Portsmouth,42,NOC,12,5,25,0,0,0,0,0,0,0,0,0,LibDem,E06000044,E,Portsmouth,South East,70.3,58.08,0.65,0.174674235,7.4,28,513.7,0.25,0.057471264,0.393426295,0.123505976,0.482071713,0.216954023,0.092672414,103,14,360,0.113760807,0.055979827,0.032564841
Reading,46,Lab,12,26,4,3,0,0,0,0,0,0,0,0,Labour,E06000038,E,Reading,South East,72.53,41.97,0.15,0.145255559,7.1,22,566.6,0.228492137,0.052757794,0.526445264,0.083640836,0.386223862,0.386679001,0.061979648,91,13,340,0.091537762,0.043858053,0.024749773
Redcar and Cleveland,59,NOC,10,28,11,0,1,0,0,0,0,0,0,0,Labour,E06000003,E,Redcar and Cleveland,North East,70.26,66.19,0.904,0.237081752,13.2,32,505.5,0.26092233,0.083743842,0.36173913,0.12,0.516521739,0.194174757,0.099514563,130,24,470,0.196809816,0.085521472,0.04601227
Rutland,26,Con,17,2,0,0,3,0,0,0,0,0,0,0,Conservative,E06000017,E,Rutland,East Midlands,78.2,50.57,0.325,0.155824346,3.7,21,558.7,0.202020202,0.044303797,0.5125,0.0875,0.4,0.303030303,0.035353535,64,7,220,0.06097561,0.029268293,0.017073171
Shropshire,74,Con,47,9,13,0,0,0,0,0,0,0,0,0,Conservative,E06000051,E,Shropshire,West Midlands,77.42,56.87,0.611,0.185905288,5.4,28,491.8,0.161812298,0.042471042,0.390753642,0.141228626,0.466117796,0.241639698,0.062567422,95,14,330,0.090507365,0.046099291,0.025968358
Slough,41,Lab,5,35,1,0,0,0,0,0,0,0,0,0,Labour,E06000039,E,Slough,South East,62.13,54.33,0.5,0.161085553,7.7,22,540.2,0.215686275,0.044678055,0.373641304,0.080163043,0.539402174,0.274509804,0.079463364,132,12,440,0.096350365,0.046089677,0.026173097
South Gloucestershire,70,NOC,33,15,21,0,1,0,0,0,0,0,0,0,Conservative,E06000025,E,South Gloucestershire,South West,76.24,52.68,0.407,0.159650946,5,19,540.5,0.175029869,0.031136857,0.469197708,0.083810888,0.44269341,0.27479092,0.059737157,80,9,280,0.079065642,0.036428149,0.01951508
Southampton,48,Lab,16,30,2,0,0,0,0,0,0,0,0,0,Labour,E06000045,E,Southampton,South East,68.14,53.8,0.462,0.174555264,8.3,25,502.9,0.190077705,0.058302583,0.371078806,0.107115532,0.514919663,0.25762104,0.063359235,100,15,350,0.10988817,0.057680989,0.033019423
Southend-on-Sea,51,NOC,19,9,5,0,5,0,0,0,0,0,0,0,Conservative,E06000033,E,Southend-on-Sea,East,72.9,58.08,0.65,0.198021398,10.6,23,541.2,0.19543379,0.059090909,0.460829493,0.118663594,0.419354839,0.192694064,0.104109589,111,19,440,0.127752502,0.065241128,0.036760692
Stockton-on-Tees,56,NOC,12,27,4,0,0,0,0,0,0,0,0,0,Labour,E06000004,E,Stockton-on-Tees,North East,71,61.73,0.793,0.201017692,11.3,26,502.5,0.210353328,0.067637877,0.420879121,0.123076923,0.450549451,0.223500411,0.09778143,122,18,420,0.161037891,0.071004942,0.037891269
Stoke-on-Trent,44,NOC,7,20,0,0,0,0,1,0,0,0,0,0,Labour,E06000021,E,Stoke-on-Trent,West Midlands,65.74,69.36,0.962,0.233675223,12.6,29,433.1,0.261682243,0.076728499,0.324324324,0.136936937,0.535135135,0.175700935,0.170093458,151,29,490,0.173657612,0.094377764,0.053000632
Swindon,57,Con,29,24,4,0,0,0,0,0,0,0,0,0,Conservative,E06000030,E,Swindon,South West,75.9,54.66,0.523,0.165589321,7.5,25,546.9,0.19121813,0.042031524,0.395369546,0.105966162,0.496883348,0.210339943,0.064447592,105,12,340,0.096728307,0.047581792,0.026315789
Telford and Wrekin,54,Lab,17,33,3,0,0,0,0,0,0,0,0,0,Labour,E06000020,E,Telford and Wrekin,West Midlands,72.15,63.22,0.865,0.1980545,9.2,33,464.4,0.224508887,0.055421687,0.374845869,0.112207152,0.500616523,0.170252572,0.072029935,131,18,430,0.139033457,0.071747212,0.038289963
Thurrock,49,NOC,18,23,0,0,6,0,0,0,0,0,0,0,Labour,E06000034,E,Thurrock,East,72.75,72.28,0.992,0.170603342,7.1,27,611.1,0.217641419,0.069767442,0.344827586,0.107279693,0.542784163,0.174496644,0.105465005,117,13,390,0.105760151,0.045703494,0.025118036
Torbay,36,Con,21,1,10,0,1,0,0,0,0,0,0,0,Conservative,E06000027,E,Torbay,South West,73.69,63.16,0.859,0.238601394,11.3,27,640.8,0.206199461,0.052631579,0.345826235,0.144804089,0.505962521,0.15902965,0.090296496,141,24,530,0.182147651,0.092483221,0.052483221
Warrington,57,Lab,4,41,12,0,0,0,0,0,0,0,0,0,Labour,E06000007,E,Warrington,North West,73.36,54.27,0.497,0.17441205,8.1,26,545.6,0.184782609,0.042857143,0.487451737,0.087837838,0.418918919,0.330745342,0.054347826,96,14,320,0.102621434,0.053585197,0.033770239
West Berkshire,52,Con,39,0,13,0,0,0,0,0,0,0,0,0,Conservative,E06000037,E,West Berkshire,South East,79.95,48.22,0.267,0.138608261,4.3,19,599.8,0.137681159,0.034813926,0.565882353,0.072941176,0.354117647,0.381987578,0.038302277,64,8,250,0.067778936,0.032429614,0.018039625
Wiltshire,98,Con,58,4,27,0,1,0,0,0,0,0,0,0,Conservative,E06000054,E,Wiltshire,South West,78.87,52.49,0.404,0.162004412,5.2,25,518,0.177638454,0.035154596,0.486196951,0.098887515,0.408735064,0.285266458,0.055729711,123,17,400,0.080715775,0.039437109,0.02248089
Windsor and Maidenhead,57,Con,47,0,3,0,2,0,0,0,0,0,0,0,Conservative,E06000040,E,Windsor and Maidenhead,South East,79.73,46.1,0.23,0.132726895,4.3,16,694.5,0.166852058,0.040106952,0.583001328,0.081009296,0.334661355,0.423804227,0.034482759,55,7,240,0.057829978,0.026845638,0.015212528
Wokingham,54,Con,43,0,10,0,0,0,0,0,0,0,0,0,Conservative,E06000041,E,Wokingham,South East,80.03,43.31,0.171,0.12186164,3.7,15,679.2,0.188832487,0.028822055,0.604622871,0.060827251,0.329683698,0.398984772,0.031472081,47,5,210,0.049338759,0.021057986,0.011597152
York,47,Lab,10,26,8,2,0,0,0,0,0,0,0,0,Labour,E06000014,E,York,Yorkshire and The Humber,70.69,41.96,0.148,0.161271592,4.6,25,496,0.202095808,0.04315197,0.479425837,0.099521531,0.422009569,0.339071856,0.046407186,72,8,250,0.067330383,0.039011799,0.022271386
Blaenau Gwent,42,Lab,0,33,0,0,0,0,9,0,0,0,0,0,Labour,W06000019,W,Blaenau Gwent,Wales,68.08,62.03,0.806,0.274443521,16.7,33,403.4,0.281818182,0.095238095,0.275510204,0.108843537,0.598639456,0.104545455,0.188636364,139,42,460,0.215402299,0.113563218,0.06183908
Bridgend,54,Lab,1,39,3,0,0,0,10,0,0,0,1,0,Labour,W06000013,W,Bridgend,Wales,71.18,54.64,0.518,0.239872681,11.7,29,500,0.226589595,0.071748879,0.3640625,0.1296875,0.4984375,0.206936416,0.137572254,119,29,420,0.172445465,0.092996556,0.053386912
Caerphilly,73,Lab,0,50,0,0,0,0,3,0,0,0,20,0,Labour,W06000018,W,Caerphilly,Wales,70.74,57.63,0.64,0.25251949,13.3,27,478.3,0.273131673,0.069682152,0.355584082,0.124518614,0.509627728,0.18772242,0.127224199,131,31,430,0.180939716,0.092109929,0.052659574
Cardiff,75,Lab,7,46,16,0,0,0,4,0,0,0,2,0,Labour,W06000015,W,Cardiff,Wales,69.66,39.98,0.108,0.185743593,9.2,27,510.2,0.269262982,0.068767908,0.492831541,0.090203106,0.406810036,0.348827471,0.087520938,103,21,350,0.132723493,0.065114345,0.036756757
Carmarthenshire,74,NOC,0,22,0,0,0,0,24,0,0,0,28,0,Plaid.Cymru,W06000010,W,Carmarthenshire,Wales,74.07,53.75,0.46,0.247696937,9.7,28,464.2,0.244485294,0.059610706,0.330882353,0.162990196,0.495098039,0.193014706,0.125,127,25,400,0.157301294,0.085397412,0.047597043
Ceredigion,42,NOC,0,1,7,0,0,0,15,0,0,0,19,0,Plaid.Cymru,W06000008,W,Ceredigion,Wales,74.48,45.37,0.214,0.207541951,6.2,32,423.7,0.327731092,0.04375,0.374251497,0.167664671,0.452095808,0.25210084,0.071428571,111,17,330,0.110217391,0.061304348,0.035217391
Conwy,59,NOC,13,10,5,0,0,0,19,0,0,0,12,0,Independent,W06000003,W,Conwy,Wales,71.75,53.98,0.473,0.224910612,9.4,31,494.8,0.252647504,0.060606061,0.392430279,0.121513944,0.476095618,0.248108926,0.071104387,133,25,420,0.147424242,0.077575758,0.04469697
Denbighshire,47,NOC,9,18,1,0,0,0,12,0,0,0,7,0,Labour,W06000004,W,Denbighshire,Wales,69.14,54,0.476,0.220026885,7.7,38,435.3,0.258181818,0.053921569,0.39608802,0.144254279,0.447432763,0.247272727,0.085454545,128,28,430,0.169147005,0.086569873,0.051179673
Flintshire,70,NOC,8,31,7,0,0,0,24,0,0,0,0,0,Labour,W06000005,W,Flintshire,Wales,74.9,56.37,0.574,0.188792572,8.4,28,528.3,0.245798319,0.027855153,0.370879121,0.134615385,0.490384615,0.211134454,0.077731092,107,18,340,0.112356021,0.056020942,0.03078534
Gwynedd,74,NOC,0,4,2,0,0,0,18,0,0,0,37,13,Plaid.Cymru,W06000002,W,Gwynedd,Wales,72.42,41.95,0.145,0.189498991,6.4,41,433.9,0.262162162,0.06043956,0.383211679,0.138686131,0.472627737,0.227027027,0.077027027,113,18,330,0.116507503,0.057844475,0.032332879
Merthyr Tydfil,33,Lab,0,25,0,0,0,0,8,0,0,0,0,0,Labour,W06000024,W,Merthyr Tydfil,Wales,67.39,56.44,0.584,0.270279922,14.9,31,426.2,0.282258065,0.082397004,0.296442688,0.130434783,0.56916996,0.166666667,0.139784946,142,38,470,0.207506702,0.113672922,0.064075067
Monmouthshire,44,NOC,19,12,3,0,0,0,10,0,0,0,0,0,Conservative,W06000021,W,Monmouthshire,Wales,77.74,49.56,0.298,0.199467823,7.5,24,610.1,0.191956124,0.033936652,0.481236203,0.099337748,0.410596026,0.319926874,0.062157221,82,15,290,0.106433824,0.056066176,0.031066176
Neath Port Talbot,64,Lab,0,50,0,0,0,0,6,0,0,0,8,0,Labour,W06000012,W,Neath Port Talbot,Wales,71.57,56.84,0.605,0.266565102,14,24,486,0.294520548,0.069579288,0.349745331,0.123938879,0.517826825,0.151826484,0.152968037,130,36,460,0.20516055,0.112844037,0.064678899
Newport,50,Lab,10,37,1,0,0,0,2,0,0,0,0,0,Labour,W06000022,W,Newport,Wales,70.21,55.99,0.558,0.214483724,12.2,29,456.8,0.26177437,0.068148148,0.437209302,0.072868217,0.485271318,0.26067908,0.109529025,134,22,420,0.164379085,0.081045752,0.042592593
Pembrokeshire,60,Ind,2,8,1,0,0,0,44,0,0,0,5,0,Independent,W06000009,W,Pembrokeshire,Wales,74.39,57.14,0.621,0.220640482,9.9,37,464.8,0.234899329,0.050877193,0.353146853,0.134615385,0.48951049,0.210738255,0.108724832,134,21,410,0.142567568,0.069054054,0.038243243
Powys,73,Ind,9,6,10,0,0,0,48,0,0,0,0,0,Independent,W06000023,W,Powys,Wales,77,53.74,0.457,0.210609433,6.6,31,461.1,0.202072539,0.037337662,0.395672334,0.194744977,0.406491499,0.244818653,0.07642487,111,18,330,0.113833992,0.062055336,0.035177866
Rhondda Cynon Taf,75,Lab,1,60,1,0,0,0,4,0,0,0,9,0,Labour,W06000016,W,Rhondda Cynon Taf,Wales,67.47,53.7,0.452,0.25473316,12.6,30,469,0.251009421,0.070080863,0.386491557,0.123827392,0.480300188,0.213324361,0.109017497,128,34,440,0.194414536,0.105248991,0.057806191
Swansea,72,Lab,4,49,12,0,0,0,7,0,0,0,0,0,Labour,W06000011,W,Swansea,Wales,69.6,51.51,0.375,0.220690059,10.5,27,485.1,0.252452583,0.083114611,0.389298893,0.121771218,0.482472325,0.243950294,0.127534336,118,27,390,0.155140799,0.083824492,0.04983628
Torfaen,44,Lab,4,30,0,0,0,0,8,0,0,0,2,0,Labour,W06000020,W,Torfaen,Wales,69.86,59.78,0.724,0.242195992,11.8,26,421.6,0.23633157,0.066974596,0.311594203,0.154589372,0.512077295,0.171075838,0.105820106,128,28,420,0.172134039,0.092945326,0.04973545
Vale of Glamorgan,47,NOC,11,21,1,0,0,0,7,0,0,0,7,0,Labour,W06000014,W,Vale of Glamorgan,Wales,76.15,49.27,0.288,0.199420593,8.2,24,605.4,0.22875817,0.047457627,0.497453311,0.098471986,0.40237691,0.300653595,0.074509804,101,18,360,0.128720627,0.062140992,0.035509138
Wrexham,52,NOC,5,23,4,0,0,0,20,0,0,0,0,0,Labour,W06000006,W,Wrexham,Wales,71.56,59.04,0.703,0.203116194,9.5,31,487.6,0.207017544,0.044247788,0.371641791,0.11641791,0.495522388,0.229239766,0.087719298,126,22,380,0.139881657,0.068639053,0.038579882
